,sampleId,sampCountry,origCountry,productCode,efsaProductCode,productTreat,progType,pesticideCode,resVal,fatPerc,resType,year,tag,short_name,long_name,paramcode,limit,mandatory
25699,F200D12CF63CFA972619FAF2F6FD7221,IE,IE,P1020000A,-1,T999A,K005A,RF-0256-001-PPP,0.024,-1.0,VAL,2011,Iprovalicarb,Iprovalicarb,Iprovalicarb,RF-0256-001-PPP,0.01,False
35052,E0732294AEEBFE50607C46965608F259,BE,BE,P1020010A,-1,T999A,K005A,RF-0021-001-PPP,0.01642,4.0,VAL,2011,Dieldrin (sum),Dieldrin (sum),Aldrin and Dieldrin (Aldrin and dieldrin combined expressed as dieldrin),RF-0021-001-PPP,0.006,True
35054,E0732294AEEBFE50607C46965608F259,BE,BE,P1020010A,-1,T999A,K005A,RF-0021-003-PPP,0.01642,4.0,VAL,2011,Dieldrin (sum),Dieldrin (sum),Dieldrin,RF-0021-003-PPP,0.006,True
35055,E0732294AEEBFE50607C46965608F259,BE,BE,P1020010A,-1,T999A,K005A,RF-0237-001-PPP,0.01009,4.0,VAL,2011,Hexachlorobenzene,Hexachlorobenzene,Hexachlorobenzene,RF-0237-001-PPP,0.005,True
35079,3C7A8FB65F6412474825B1A0DD5BFEA3,BE,BE,P1020010A,-1,T999A,K005A,RF-0239-002-PPP,0.01304,4.0,VAL,2011,HCH-beta,HCH-beta,"Hexachlorocyclohexane (HCH), beta-isomer",RF-0239-002-PPP,0.01,True
35137,889765E2FB642A140E5B43D0E0CB5509,BE,BE,P1020010A,-1,T999A,K005A,RF-0239-002-PPP,0.03572,4.0,VAL,2011,HCH-beta,HCH-beta,"Hexachlorocyclohexane (HCH), beta-isomer",RF-0239-002-PPP,0.01,True
35302,522D6653EB5AEC83C307BBACA4D1AEAD,BE,BE,P1020010A,-1,T999A,K005A,RF-0239-002-PPP,0.01383,4.0,VAL,2011,HCH-beta,HCH-beta,"Hexachlorocyclohexane (HCH), beta-isomer",RF-0239-002-PPP,0.01,True
35316,FA43F13BC4FECCD445A180D290734D80,BE,BE,P1020010A,-1,T999A,K005A,RF-0021-001-PPP,0.01438,4.0,VAL,2011,Dieldrin (sum),Dieldrin (sum),Aldrin and Dieldrin (Aldrin and dieldrin combined expressed as dieldrin),RF-0021-001-PPP,0.006,True
35318,FA43F13BC4FECCD445A180D290734D80,BE,BE,P1020010A,-1,T999A,K005A,RF-0021-003-PPP,0.01438,4.0,VAL,2011,Dieldrin (sum),Dieldrin (sum),Dieldrin,RF-0021-003-PPP,0.006,True
35319,FA43F13BC4FECCD445A180D290734D80,BE,BE,P1020010A,-1,T999A,K005A,RF-0237-001-PPP,0.01168,4.0,VAL,2011,Hexachlorobenzene,Hexachlorobenzene,Hexachlorobenzene,RF-0237-001-PPP,0.005,True
35368,F6108C11B3734A9A145891CFFA9BEDD0,BE,BE,P1020010A,-1,T999A,K005A,RF-0075-005-PPP,0.04149,4.0,VAL,2011,Chlordane (sum),Chlordane (sum),Chlordane (sum of cis- and trans-isomers and oxychlordane expressed as chlordane),RF-0075-005-PPP,0.002,True
35369,F6108C11B3734A9A145891CFFA9BEDD0,BE,BE,P1020010A,-1,T999A,K005A,RF-0075-003-PPP,0.04149,4.0,VAL,2011,Chlordane (sum),"Chlordane, trans-","Chlordane, trans-",RF-0075-003-PPP,0.002,True
35396,9D4424E1CC43068508EF92684C0608DD,BE,BE,P1020010A,-1,T999A,K005A,RF-0119-007-PPP,0.0446,4.0,VAL,2011,DDT (sum),"DDE, o,p-","DDE, o,p-",RF-0119-007-PPP,0.04,True
35397,9D4424E1CC43068508EF92684C0608DD,BE,BE,P1020010A,-1,T999A,K005A,RF-0239-002-PPP,0.0194,4.0,VAL,2011,HCH-beta,HCH-beta,"Hexachlorocyclohexane (HCH), beta-isomer",RF-0239-002-PPP,0.01,True
35499,51319E438CF192DC2C99E0434B8DA43A,BE,BE,P1020010A,-1,T999A,K005A,RF-0119-001-PPP,0.062,4.0,VAL,2011,DDT (sum),DDT (sum),"DDT (sum of p,p'-DDT, o,p'-DDT, p-p'-DDE and p,p'-TDE (DDD) expressed as DDT)",RF-0119-001-PPP,0.04,True
35503,51319E438CF192DC2C99E0434B8DA43A,BE,BE,P1020010A,-1,T999A,K005A,RF-0021-001-PPP,0.01095,4.0,VAL,2011,Dieldrin (sum),Dieldrin (sum),Aldrin and Dieldrin (Aldrin and dieldrin combined expressed as dieldrin),RF-0021-001-PPP,0.006,True
35505,51319E438CF192DC2C99E0434B8DA43A,BE,BE,P1020010A,-1,T999A,K005A,RF-0236-005-PPP,0.02964,4.0,VAL,2011,Heptachlor (sum),Heptachlor epoxide,Heptachlor epoxide,RF-0236-005-PPP,0.004,True
35506,51319E438CF192DC2C99E0434B8DA43A,BE,BE,P1020010A,-1,T999A,K005A,RF-0237-001-PPP,0.01177,4.0,VAL,2011,Hexachlorobenzene,Hexachlorobenzene,Hexachlorobenzene,RF-0237-001-PPP,0.005,True
35508,51319E438CF192DC2C99E0434B8DA43A,BE,BE,P1020010A,-1,T999A,K005A,RF-0236-001-PPP,0.02964,4.0,VAL,2011,Heptachlor (sum),Heptachlor (sum),Heptachlor (sum of heptachlor and heptachlor epoxide expressed as heptachlor),RF-0236-001-PPP,0.004,True
35552,51319E438CF192DC2C99E0434B8DA43A,BE,BE,P1020010A,-1,T999A,K005A,RF-0021-003-PPP,0.01095,4.0,VAL,2011,Dieldrin (sum),Dieldrin (sum),Dieldrin,RF-0021-003-PPP,0.006,True
35570,750F30C1517FCEDA28C7E8EB66FF93F1,BE,BE,P1020010A,-1,T999A,K005A,RF-0239-002-PPP,0.017,4.0,VAL,2011,HCH-beta,HCH-beta,"Hexachlorocyclohexane (HCH), beta-isomer",RF-0239-002-PPP,0.01,True
55022,A435D4BDC238A8FCBB490C7835BD748C,DE,DE,P1020010A,-1,T999A,K005A,RF-0237-001-PPP,0.006,-1.0,VAL,2012,Hexachlorobenzene,Hexachlorobenzene,Hexachlorobenzene,RF-0237-001-PPP,0.005,True
63511,CA502B3C7D6F30DCC55FEA6FA661C416,DE,DE,P1020010A,-1,T999A,K005A,RF-0842-001-PPP,0.0005,-1.0,VAL,2012,Permethrin (sum),Permethrin (sum),Permethrin (sum of isomers),RF-0842-001-PPP,0.0,True
64921,294E55C4E9F6C8B49DF39707C0706381,DE,DE,P1020010A,-1,T999A,K005A,RF-1078-002-PPP,1.13,-1.0,VAL,2012,DDAC (mix),DDAC (mix),"Didecyldimethylammonium chloride (mixture of alkyl-quaternary ammonium salts with alkyl chain lengths of C8, C10 and C12)",RF-1078-002-PPP,0.1,True
64929,381401DD53774908E9F7AC0572A3D653,DE,DE,P1020010A,-1,T999A,K005A,RF-1078-002-PPP,1.96,-1.0,VAL,2012,DDAC (mix),DDAC (mix),"Didecyldimethylammonium chloride (mixture of alkyl-quaternary ammonium salts with alkyl chain lengths of C8, C10 and C12)",RF-1078-002-PPP,0.1,True
64930,FDB1D0E6B6EF95921CF1CB1106B5C48C,DE,DE,P1020010A,-1,T999A,K005A,RF-1078-002-PPP,89.48,-1.0,VAL,2012,DDAC (mix),DDAC (mix),"Didecyldimethylammonium chloride (mixture of alkyl-quaternary ammonium salts with alkyl chain lengths of C8, C10 and C12)",RF-1078-002-PPP,0.1,True
64933,81A8F5D2CCACCD72FEDBCC90BEBC5B79,DE,DE,P1020010A,-1,T999A,K005A,RF-1078-002-PPP,0.16,-1.0,VAL,2012,DDAC (mix),DDAC (mix),"Didecyldimethylammonium chloride (mixture of alkyl-quaternary ammonium salts with alkyl chain lengths of C8, C10 and C12)",RF-1078-002-PPP,0.1,True
64949,84EEDF4BDED1385AB1DFBAFF797C228C,DE,DE,P1020010A,-1,T999A,K005A,RF-XXXX-XXX-XXX,0.57,-1.0,VAL,2012,Not in list,Not in list,Not in list,RF-XXXX-XXX-XXX,0.01,True
64962,6575C17C30B361EC9FB48EC50C6738D3,DE,DE,P1020010A,-1,T999A,K005A,RF-XXXX-XXX-XXX,0.6,-1.0,VAL,2012,Not in list,Not in list,Not in list,RF-XXXX-XXX-XXX,0.01,True
64963,4F5178B77303C8A8401C494A70CB6B40,DE,DE,P1020010A,-1,T999A,K005A,RF-XXXX-XXX-XXX,0.18,-1.0,VAL,2012,Not in list,Not in list,Not in list,RF-XXXX-XXX-XXX,0.01,True
64964,14E456D2CEE64FB55EE6C8C6F226CD49,DE,DE,P1020010A,-1,T999A,K005A,RF-XXXX-XXX-XXX,0.44,-1.0,VAL,2012,Not in list,Not in list,Not in list,RF-XXXX-XXX-XXX,0.01,True
64965,4309EEA4BC5982D7CAB6B28C9C5AA4F3,DE,DE,P1020010A,-1,T999A,K005A,RF-XXXX-XXX-XXX,1.82,-1.0,VAL,2012,Not in list,Not in list,Not in list,RF-XXXX-XXX-XXX,0.01,True
64977,294E55C4E9F6C8B49DF39707C0706381,DE,DE,P1020010A,-1,T999A,K005A,RF-XXXX-XXX-XXX,0.15,-1.0,VAL,2012,Not in list,Not in list,Not in list,RF-XXXX-XXX-XXX,0.01,True
64979,FDB1D0E6B6EF95921CF1CB1106B5C48C,DE,DE,P1020010A,-1,T999A,K005A,RF-XXXX-XXX-XXX,0.21,-1.0,VAL,2012,Not in list,Not in list,Not in list,RF-XXXX-XXX-XXX,0.01,True
64980,F047AC524A604CA7B164B3769EDA6447,DE,DE,P1020010A,-1,T999A,K005A,RF-XXXX-XXX-XXX,0.15,-1.0,VAL,2012,Not in list,Not in list,Not in list,RF-XXXX-XXX-XXX,0.01,True
64984,81A8F5D2CCACCD72FEDBCC90BEBC5B79,DE,DE,P1020010A,-1,T999A,K005A,RF-XXXX-XXX-XXX,0.15,-1.0,VAL,2012,Not in list,Not in list,Not in list,RF-XXXX-XXX-XXX,0.01,True
64986,381401DD53774908E9F7AC0572A3D653,DE,DE,P1020010A,-1,T999A,K005A,RF-XXXX-XXX-XXX,0.1,-1.0,VAL,2012,Not in list,Not in list,Not in list,RF-XXXX-XXX-XXX,0.01,True
64989,2E291DC823974F83A6B8B7A5446780C6,DE,DE,P1020010A,-1,T999A,K005A,RF-XXXX-XXX-XXX,0.09,-1.0,VAL,2012,Not in list,Not in list,Not in list,RF-XXXX-XXX-XXX,0.01,True
64990,C31881A8A6560E47CC3007656A23FD15,DE,DE,P1020010A,-1,T999A,K005A,RF-XXXX-XXX-XXX,0.074,-1.0,VAL,2012,Not in list,Not in list,Not in list,RF-XXXX-XXX-XXX,0.01,True
95398,2635FA88E18E72811BE6007AFBD02D83,BE,BE,P1020010A,-1,T999A,K005A,RF-0236-002-PPP,0.01532,4.0,VAL,2012,Heptachlor (sum),"Heptachlorepoxide, cis-","Heptachlorepoxide, cis-",RF-0236-002-PPP,0.004,True
95460,9199BFC05D2A8C93D7A21F0771BB5A39,BE,BE,P1020010A,-1,T999A,K005A,RF-0237-001-PPP,0.01,4.0,VAL,2012,Hexachlorobenzene,Hexachlorobenzene,Hexachlorobenzene,RF-0237-001-PPP,0.005,True
95502,9199BFC05D2A8C93D7A21F0771BB5A39,BE,BE,P1020010A,-1,T999A,K005A,RF-0239-002-PPP,0.012,4.0,VAL,2012,HCH-beta,HCH-beta,"Hexachlorocyclohexane (HCH), beta-isomer",RF-0239-002-PPP,0.01,True
119421,E1D955D19A6DEAAAF7B63DEE1C08DA29,DE,DE,P1020010A,-1,T999A,K005A,RF-1078-002-PPP,1.72,-1.0,VAL,2013,DDAC (mix),DDAC (mix),"Didecyldimethylammonium chloride (mixture of alkyl-quaternary ammonium salts with alkyl chain lengths of C8, C10 and C12)",RF-1078-002-PPP,0.1,True
158327,4A33A2FA8407B525B7E10673B50127B1,SK,SK,P1020010A,-1,T150A,K005A,RF-1078-002-PPP,0.15,-1.0,VAL,2013,DDAC (mix),DDAC (mix),"Didecyldimethylammonium chloride (mixture of alkyl-quaternary ammonium salts with alkyl chain lengths of C8, C10 and C12)",RF-1078-002-PPP,0.1,True
172238,06B88D7856317A72DE69947148CF230F,BE,BE,P1020010A,-1,T999A,K005A,RF-0236-001-PPP,0.02189,4.0,VAL,2013,Heptachlor (sum),Heptachlor (sum),Heptachlor (sum of heptachlor and heptachlor epoxide expressed as heptachlor),RF-0236-001-PPP,0.004,True
172248,62B2299B53C60D633514E14F794EBD1F,BE,BE,P1020010A,-1,T999A,K005A,RF-0236-001-PPP,0.03549,4.0,VAL,2013,Heptachlor (sum),Heptachlor (sum),Heptachlor (sum of heptachlor and heptachlor epoxide expressed as heptachlor),RF-0236-001-PPP,0.004,True
172250,D4AFDCE1B3996C294B8963461C27C29C,BE,BE,P1020010A,-1,T999A,K005A,RF-0236-001-PPP,0.01016,4.0,VAL,2013,Heptachlor (sum),Heptachlor (sum),Heptachlor (sum of heptachlor and heptachlor epoxide expressed as heptachlor),RF-0236-001-PPP,0.004,True
172264,FF5D385209A39ED697D86C2D7A34F638,BE,BE,P1020010A,-1,T999A,K005A,RF-0236-001-PPP,0.01097,4.0,VAL,2013,Heptachlor (sum),Heptachlor (sum),Heptachlor (sum of heptachlor and heptachlor epoxide expressed as heptachlor),RF-0236-001-PPP,0.004,True
172268,06B88D7856317A72DE69947148CF230F,BE,BE,P1020010A,-1,T999A,K005A,RF-0236-002-PPP,0.02189,4.0,VAL,2013,Heptachlor (sum),"Heptachlorepoxide, cis-","Heptachlorepoxide, cis-",RF-0236-002-PPP,0.004,True
172278,62B2299B53C60D633514E14F794EBD1F,BE,BE,P1020010A,-1,T999A,K005A,RF-0236-002-PPP,0.02086,4.0,VAL,2013,Heptachlor (sum),"Heptachlorepoxide, cis-","Heptachlorepoxide, cis-",RF-0236-002-PPP,0.004,True
172280,D4AFDCE1B3996C294B8963461C27C29C,BE,BE,P1020010A,-1,T999A,K005A,RF-0236-002-PPP,0.01016,4.0,VAL,2013,Heptachlor (sum),"Heptachlorepoxide, cis-","Heptachlorepoxide, cis-",RF-0236-002-PPP,0.004,True
172294,FF5D385209A39ED697D86C2D7A34F638,BE,BE,P1020010A,-1,T999A,K005A,RF-0236-002-PPP,0.01097,4.0,VAL,2013,Heptachlor (sum),"Heptachlorepoxide, cis-","Heptachlorepoxide, cis-",RF-0236-002-PPP,0.004,True
172364,D1D5E2B76018F7B0FA3239401BD7BD70,BE,BE,P1020010A,-1,T999A,K005A,RF-0237-001-PPP,0.02611,4.0,VAL,2013,Hexachlorobenzene,Hexachlorobenzene,Hexachlorobenzene,RF-0237-001-PPP,0.005,True
172367,62B2299B53C60D633514E14F794EBD1F,BE,BE,P1020010A,-1,T999A,K005A,RF-0237-001-PPP,0.01025,4.0,VAL,2013,Hexachlorobenzene,Hexachlorobenzene,Hexachlorobenzene,RF-0237-001-PPP,0.005,True
172428,BF1F03AEA8576B33DD4759A649A44BCA,BE,BE,P1020010A,-1,T999A,K005A,RF-0239-002-PPP,0.02383,4.0,VAL,2013,HCH-beta,HCH-beta,"Hexachlorocyclohexane (HCH), beta-isomer",RF-0239-002-PPP,0.01,True
172444,BC8DBCBD92BEA465F25F23483DF64D52,BE,BE,P1020010A,-1,T999A,K005A,RF-0239-002-PPP,0.01635,4.0,VAL,2013,HCH-beta,HCH-beta,"Hexachlorocyclohexane (HCH), beta-isomer",RF-0239-002-PPP,0.01,True
172496,27B7E901DF99AA332A75EF4FD5D7530B,BE,BE,P1020010A,-1,T999A,K005A,RF-0295-001-PPP,0.03476,4.0,VAL,2013,Methoxychlor,Methoxychlor,Methoxychlor,RF-0295-001-PPP,0.01,True
194640,0ADA2CE05BD33EB3271748FF8CDE2887,DE,DE,P1020010A,-1,T999A,K005A,RF-00002582-PAR,1.32,-1.0,VAL,2014,Benzalkonium chloride,Benzalkonium chloride,Benzalkonium chloride (BAC),RF-00002582-PAR,0.1,True
194647,8936FA13383D867EBAD0C6DF4BC0E72A,DE,DE,P1020010A,-1,T999A,K005A,RF-00002582-PAR,0.26,-1.0,VAL,2014,Benzalkonium chloride,Benzalkonium chloride,Benzalkonium chloride (BAC),RF-00002582-PAR,0.1,True
194648,2EEBA1D8335C9EC7F520977FB5D0B2BF,DE,DE,P1020010A,-1,T999A,K005A,RF-00002582-PAR,0.13,-1.0,VAL,2014,Benzalkonium chloride,Benzalkonium chloride,Benzalkonium chloride (BAC),RF-00002582-PAR,0.1,True
194649,7AF8BFDA0933FC9D751FCB4443BF7A15,DE,DE,P1020010A,-1,T999A,K005A,RF-00002582-PAR,3.01,-1.0,VAL,2014,Benzalkonium chloride,Benzalkonium chloride,Benzalkonium chloride (BAC),RF-00002582-PAR,0.1,True
194652,DAD17D5E1E2AB0B0050C3C3196E5C51F,DE,DE,P1020010A,-1,T999A,K005A,RF-00002582-PAR,7.03,-1.0,VAL,2014,Benzalkonium chloride,Benzalkonium chloride,Benzalkonium chloride (BAC),RF-00002582-PAR,0.1,True
194669,4909AFFAACFACACEE1272F84F76D03EC,DE,DE,P1020010A,-1,T999A,K005A,RF-00002582-PAR,1.32,4.0,VAL,2014,Benzalkonium chloride,Benzalkonium chloride,Benzalkonium chloride (BAC),RF-00002582-PAR,0.1,True
194672,2EAABD6B8008227F6768D620A440C980,DE,DE,P1020010A,-1,T999A,K005A,RF-00002582-PAR,1.6,-1.0,VAL,2014,Benzalkonium chloride,Benzalkonium chloride,Benzalkonium chloride (BAC),RF-00002582-PAR,0.1,True
194673,5CD6188742FA64554A52BC8520F3F697,DE,DE,P1020010A,-1,T999A,K005A,RF-00002582-PAR,13.98,-1.0,VAL,2014,Benzalkonium chloride,Benzalkonium chloride,Benzalkonium chloride (BAC),RF-00002582-PAR,0.1,True
194676,63A747560BDA65DBED21B5764E9BF757,DE,DE,P1020010A,-1,T999A,K005A,RF-00002582-PAR,0.281,-1.0,VAL,2014,Benzalkonium chloride,Benzalkonium chloride,Benzalkonium chloride (BAC),RF-00002582-PAR,0.1,True
194680,53AD9FF543175A32CD76BAB36F15D2C0,DE,DE,P1020010A,-1,T999A,K005A,RF-00002582-PAR,1.155,-1.0,VAL,2014,Benzalkonium chloride,Benzalkonium chloride,Benzalkonium chloride (BAC),RF-00002582-PAR,0.1,True
194686,0252EA9FB8E5E9BFA57C820CA930CDF3,DE,DE,P1020010A,-1,T999A,K005A,RF-00002582-PAR,0.28,-1.0,VAL,2014,Benzalkonium chloride,Benzalkonium chloride,Benzalkonium chloride (BAC),RF-00002582-PAR,0.1,True
194687,D807906BCC335265869DC29E1A7A1922,DE,DE,P1020010A,-1,T999A,K005A,RF-00002582-PAR,0.49,-1.0,VAL,2014,Benzalkonium chloride,Benzalkonium chloride,Benzalkonium chloride (BAC),RF-00002582-PAR,0.1,True
194688,B6A7636A165C810D4EDC7F7365D560C0,DE,DE,P1020010A,-1,T999A,K005A,RF-00002582-PAR,0.63,-1.0,VAL,2014,Benzalkonium chloride,Benzalkonium chloride,Benzalkonium chloride (BAC),RF-00002582-PAR,0.1,True
194692,3B4F72010D93DBFAEC9B00AC85C76848,DE,DE,P1020010A,-1,T999A,K005A,RF-00002582-PAR,0.11,-1.0,VAL,2014,Benzalkonium chloride,Benzalkonium chloride,Benzalkonium chloride (BAC),RF-00002582-PAR,0.1,True
194694,7A7CB68AB33580E94D3E6013EDF4638D,DE,DE,P1020010A,-1,T999A,K005A,RF-00002582-PAR,0.589,-1.0,VAL,2014,Benzalkonium chloride,Benzalkonium chloride,Benzalkonium chloride (BAC),RF-00002582-PAR,0.1,True
194697,CF2FDA0587344BE44372887F0A9637DC,DE,DE,P1020010A,-1,T999A,K005A,RF-00002582-PAR,0.23,-1.0,VAL,2014,Benzalkonium chloride,Benzalkonium chloride,Benzalkonium chloride (BAC),RF-00002582-PAR,0.1,True
194699,8329B0158FB9A9E7F9E936B120409EAF,DE,DE,P1020010A,-1,T999A,K005A,RF-00002582-PAR,0.88,-1.0,VAL,2014,Benzalkonium chloride,Benzalkonium chloride,Benzalkonium chloride (BAC),RF-00002582-PAR,0.1,True
200509,1A39F4B392BF61797CBF3F622B336F28,DE,DE,P1020010A,-1,T999A,K005A,RF-0842-001-PPP,0.00152,4.0,VAL,2014,Permethrin (sum),Permethrin (sum),Permethrin (sum of isomers),RF-0842-001-PPP,0.0,True
200542,7B871E13C53512E6193EC97A7FE87A14,DE,DE,P1020010A,-1,T999A,K005A,RF-0842-001-PPP,0.00056,4.0,VAL,2014,Permethrin (sum),Permethrin (sum),Permethrin (sum of isomers),RF-0842-001-PPP,0.0,True
200658,C68894362689867BDF50C2584274BC01,DE,DE,P1020010A,-1,T999A,K005A,RF-0842-001-PPP,0.00112,4.0,VAL,2014,Permethrin (sum),Permethrin (sum),Permethrin (sum of isomers),RF-0842-001-PPP,0.0,True
201042,C9D161747AB63D7F9CB6BDBA46F85F18,DE,DE,P1020010A,-1,T999A,K005A,RF-1078-002-PPP,29.8,-1.0,VAL,2014,DDAC (mix),DDAC (mix),"Didecyldimethylammonium chloride (mixture of alkyl-quaternary ammonium salts with alkyl chain lengths of C8, C10 and C12)",RF-1078-002-PPP,0.1,True
201043,0ADA2CE05BD33EB3271748FF8CDE2887,DE,DE,P1020010A,-1,T999A,K005A,RF-1078-002-PPP,1.8,-1.0,VAL,2014,DDAC (mix),DDAC (mix),"Didecyldimethylammonium chloride (mixture of alkyl-quaternary ammonium salts with alkyl chain lengths of C8, C10 and C12)",RF-1078-002-PPP,0.1,True
201061,F25715AD0DB32AB76402D75D94A7FBBD,DE,DE,P1020010A,-1,T999A,K005A,RF-1078-002-PPP,21.8,-1.0,VAL,2014,DDAC (mix),DDAC (mix),"Didecyldimethylammonium chloride (mixture of alkyl-quaternary ammonium salts with alkyl chain lengths of C8, C10 and C12)",RF-1078-002-PPP,0.1,True
201062,6758E60B1A3149E3EE46F20FE3C70555,DE,DE,P1020010A,-1,T999A,K005A,RF-1078-002-PPP,0.81,-1.0,VAL,2014,DDAC (mix),DDAC (mix),"Didecyldimethylammonium chloride (mixture of alkyl-quaternary ammonium salts with alkyl chain lengths of C8, C10 and C12)",RF-1078-002-PPP,0.1,True
201064,016124A9D7E856F5ADC41D61514CF077,DE,DE,P1020010A,-1,T999A,K005A,RF-1078-002-PPP,0.66,-1.0,VAL,2014,DDAC (mix),DDAC (mix),"Didecyldimethylammonium chloride (mixture of alkyl-quaternary ammonium salts with alkyl chain lengths of C8, C10 and C12)",RF-1078-002-PPP,0.1,True
201065,4350A8AB6F3A2942623A700C4CB191F8,DE,DE,P1020010A,-1,T999A,K005A,RF-1078-002-PPP,4.82,-1.0,VAL,2014,DDAC (mix),DDAC (mix),"Didecyldimethylammonium chloride (mixture of alkyl-quaternary ammonium salts with alkyl chain lengths of C8, C10 and C12)",RF-1078-002-PPP,0.1,True
201069,B6A7636A165C810D4EDC7F7365D560C0,DE,DE,P1020010A,-1,T999A,K005A,RF-1078-002-PPP,1.46,-1.0,VAL,2014,DDAC (mix),DDAC (mix),"Didecyldimethylammonium chloride (mixture of alkyl-quaternary ammonium salts with alkyl chain lengths of C8, C10 and C12)",RF-1078-002-PPP,0.1,True
201070,90C244526E76FB718502A602511752EE,DE,DE,P1020010A,-1,T999A,K005A,RF-1078-002-PPP,0.53,-1.0,VAL,2014,DDAC (mix),DDAC (mix),"Didecyldimethylammonium chloride (mixture of alkyl-quaternary ammonium salts with alkyl chain lengths of C8, C10 and C12)",RF-1078-002-PPP,0.1,True
201071,F1F5FF9EF9C6DFC08C34E32737D8F121,DE,DE,P1020010A,-1,T999A,K005A,RF-1078-002-PPP,0.18,-1.0,VAL,2014,DDAC (mix),DDAC (mix),"Didecyldimethylammonium chloride (mixture of alkyl-quaternary ammonium salts with alkyl chain lengths of C8, C10 and C12)",RF-1078-002-PPP,0.1,True
201085,84E1633D9277884A87F8E11AECBE766F,DE,DE,P1020010A,-1,T999A,K005A,RF-1078-002-PPP,9.31,-1.0,VAL,2014,DDAC (mix),DDAC (mix),"Didecyldimethylammonium chloride (mixture of alkyl-quaternary ammonium salts with alkyl chain lengths of C8, C10 and C12)",RF-1078-002-PPP,0.1,True
201091,8329B0158FB9A9E7F9E936B120409EAF,DE,DE,P1020010A,-1,T999A,K005A,RF-1078-002-PPP,1.43,-1.0,VAL,2014,DDAC (mix),DDAC (mix),"Didecyldimethylammonium chloride (mixture of alkyl-quaternary ammonium salts with alkyl chain lengths of C8, C10 and C12)",RF-1078-002-PPP,0.1,True
201108,DAD17D5E1E2AB0B0050C3C3196E5C51F,DE,DE,P1020010A,-1,T999A,K005A,RF-1078-007-PPP,0.87,-1.0,VAL,2014,BAC 18,BAC 18,BAC 18,RF-1078-007-PPP,0.1,True
257604,F265868A93A7A4E98F52F43B7E8E9100,AT,AT,P1020010A,-1,T150A,K005A,RF-0237-001-PPP,0.0275,-1.0,VAL,2015,Hexachlorobenzene,Hexachlorobenzene,Hexachlorobenzene,RF-0237-001-PPP,0.005,True
257605,4027110586062E5E910848C8AD2D04CD,AT,AT,P1020010A,-1,T150A,K005A,RF-0237-001-PPP,0.012,-1.0,VAL,2015,Hexachlorobenzene,Hexachlorobenzene,Hexachlorobenzene,RF-0237-001-PPP,0.005,True
257606,64385ACBD3D0487CE34BEF5958E6ACEB,AT,AT,P1020010A,-1,T150A,K005A,RF-0237-001-PPP,0.0235,-1.0,VAL,2015,Hexachlorobenzene,Hexachlorobenzene,Hexachlorobenzene,RF-0237-001-PPP,0.005,True
257607,A91932D10187CA1FCF14C890E9D2588D,AT,AT,P1020010A,-1,T150A,K005A,RF-0237-001-PPP,0.006,-1.0,VAL,2015,Hexachlorobenzene,Hexachlorobenzene,Hexachlorobenzene,RF-0237-001-PPP,0.005,True
257608,4EC40A573FFA5035657B7FFD324DA624,AT,AT,P1020010A,-1,T150A,K005A,RF-0237-001-PPP,0.014,-1.0,VAL,2015,Hexachlorobenzene,Hexachlorobenzene,Hexachlorobenzene,RF-0237-001-PPP,0.005,True
259054,F8E3BCC72CBDC5DB4BADC373B657D0AD,AT,AT,P1020010A,-1,T150A,K005A,RF-0237-001-PPP,0.009,-1.0,VAL,2015,Hexachlorobenzene,Hexachlorobenzene,Hexachlorobenzene,RF-0237-001-PPP,0.005,True
259055,DB53D3486B0BDDE62EE7E3B3212DF519,AT,AT,P1020010A,-1,T150A,K005A,RF-0237-001-PPP,0.019,-1.0,VAL,2015,Hexachlorobenzene,Hexachlorobenzene,Hexachlorobenzene,RF-0237-001-PPP,0.005,True
261808,6ABCD59EF88295A4F5C54196033328C6,DE,DE,P1020010A,-1,T999A,K005A,RF-00002582-PAR,0.612,-1.0,VAL,2015,Benzalkonium chloride,Benzalkonium chloride,Benzalkonium chloride (BAC),RF-00002582-PAR,0.1,True
264772,7923F6E8B078E4C840B7AB5C83BD0B0B,DE,DE,P1020010A,-1,T999A,K005A,RF-00002582-PAR,2.9,-1.0,VAL,2015,Benzalkonium chloride,Benzalkonium chloride,Benzalkonium chloride (BAC),RF-00002582-PAR,0.1,True
270368,E54F476A43E0AD6CFAD3579041F9A028,DE,DE,P1020010A,-1,T999A,K005A,RF-1078-002-PPP,0.412,-1.0,VAL,2015,DDAC (mix),DDAC (mix),"Didecyldimethylammonium chloride (mixture of alkyl-quaternary ammonium salts with alkyl chain lengths of C8, C10 and C12)",RF-1078-002-PPP,0.1,True
270370,2DD3D835CD56BD29A82A35CEF324E428,DE,DE,P1020010A,-1,T999A,K005A,RF-1078-002-PPP,2.29,-1.0,VAL,2015,DDAC (mix),DDAC (mix),"Didecyldimethylammonium chloride (mixture of alkyl-quaternary ammonium salts with alkyl chain lengths of C8, C10 and C12)",RF-1078-002-PPP,0.1,True
270374,17BDEF50B3278994DBEC4800DD913083,DE,DE,P1020010A,-1,T999A,K005A,RF-1078-002-PPP,19.65,-1.0,VAL,2015,DDAC (mix),DDAC (mix),"Didecyldimethylammonium chloride (mixture of alkyl-quaternary ammonium salts with alkyl chain lengths of C8, C10 and C12)",RF-1078-002-PPP,0.1,True
270381,641307E2A9E927ED99BF748661C2C17A,DE,DE,P1020010A,-1,T999A,K005A,RF-00002582-PAR,1.519,-1.0,VAL,2015,Benzalkonium chloride,Benzalkonium chloride,Benzalkonium chloride (BAC),RF-00002582-PAR,0.1,True
270385,C9FD2F050FE594A9A4578C0F2115EC7C,DE,DE,P1020010A,-1,T999A,K005A,RF-1078-002-PPP,6.74,-1.0,VAL,2015,DDAC (mix),DDAC (mix),"Didecyldimethylammonium chloride (mixture of alkyl-quaternary ammonium salts with alkyl chain lengths of C8, C10 and C12)",RF-1078-002-PPP,0.1,True
270387,589BEEDDDA7EAEBE4DEC54C6F81C7D26,DE,DE,P1020010A,-1,T999A,K005A,RF-00002582-PAR,6.25,-1.0,VAL,2015,Benzalkonium chloride,Benzalkonium chloride,Benzalkonium chloride (BAC),RF-00002582-PAR,0.1,True
270388,755996130FEACF0C06228A4A0ADD74FE,DE,DE,P1020010A,-1,T999A,K005A,RF-1078-002-PPP,3.88,-1.0,VAL,2015,DDAC (mix),DDAC (mix),"Didecyldimethylammonium chloride (mixture of alkyl-quaternary ammonium salts with alkyl chain lengths of C8, C10 and C12)",RF-1078-002-PPP,0.1,True
270390,CA4C1E0935FDE6A2BDEE9DA90D46FF80,DE,DE,P1020010A,-1,T999A,K005A,RF-00002582-PAR,0.98,-1.0,VAL,2015,Benzalkonium chloride,Benzalkonium chloride,Benzalkonium chloride (BAC),RF-00002582-PAR,0.1,True
270391,589BEEDDDA7EAEBE4DEC54C6F81C7D26,DE,DE,P1020010A,-1,T999A,K005A,RF-1078-002-PPP,6.74,-1.0,VAL,2015,DDAC (mix),DDAC (mix),"Didecyldimethylammonium chloride (mixture of alkyl-quaternary ammonium salts with alkyl chain lengths of C8, C10 and C12)",RF-1078-002-PPP,0.1,True
270395,8CE3A25B2AF01C4CC8858EBDB54705CB,DE,DE,P1020010A,-1,T999A,K005A,RF-1078-002-PPP,4.54,-1.0,VAL,2015,DDAC (mix),DDAC (mix),"Didecyldimethylammonium chloride (mixture of alkyl-quaternary ammonium salts with alkyl chain lengths of C8, C10 and C12)",RF-1078-002-PPP,0.1,True
270404,C2FB66AF96D3090062A4501D0B107BAF,DE,DE,P1020010A,-1,T999A,K005A,RF-00002582-PAR,0.15,-1.0,VAL,2015,Benzalkonium chloride,Benzalkonium chloride,Benzalkonium chloride (BAC),RF-00002582-PAR,0.1,True
270407,4754B8766265C49DE26A047265D6CB18,DE,DE,P1020010A,-1,T999A,K005A,RF-1078-002-PPP,20.9,-1.0,VAL,2015,DDAC (mix),DDAC (mix),"Didecyldimethylammonium chloride (mixture of alkyl-quaternary ammonium salts with alkyl chain lengths of C8, C10 and C12)",RF-1078-002-PPP,0.1,True
270413,EBAC7D859C5DE0168EF0EF2DD81DA689,DE,DE,P1020010A,-1,T999A,K005A,RF-1078-002-PPP,4.28,-1.0,VAL,2015,DDAC (mix),DDAC (mix),"Didecyldimethylammonium chloride (mixture of alkyl-quaternary ammonium salts with alkyl chain lengths of C8, C10 and C12)",RF-1078-002-PPP,0.1,True
270492,7B23690B7851D4055830157327BD6B89,DE,DE,P1020010A,-1,T999A,K005A,RF-00002582-PAR,0.304,-1.0,VAL,2015,Benzalkonium chloride,Benzalkonium chloride,Benzalkonium chloride (BAC),RF-00002582-PAR,0.1,True
270496,B955007E5062CF37CBDCBD75063A841C,DE,DE,P1020010A,-1,T999A,K005A,RF-00002582-PAR,0.658,-1.0,VAL,2015,Benzalkonium chloride,Benzalkonium chloride,Benzalkonium chloride (BAC),RF-00002582-PAR,0.1,True
270498,3C937A9476911E7040BEC01EEBBBA5DF,DE,DE,P1020010A,-1,T999A,K005A,RF-1078-002-PPP,4.82,-1.0,VAL,2015,DDAC (mix),DDAC (mix),"Didecyldimethylammonium chloride (mixture of alkyl-quaternary ammonium salts with alkyl chain lengths of C8, C10 and C12)",RF-1078-002-PPP,0.1,True
270501,3C937A9476911E7040BEC01EEBBBA5DF,DE,DE,P1020010A,-1,T999A,K005A,RF-00002582-PAR,3.21,-1.0,VAL,2015,Benzalkonium chloride,Benzalkonium chloride,Benzalkonium chloride (BAC),RF-00002582-PAR,0.1,True
273634,37024575D704B474484D28E914279801,DE,DE,P1020010A,-1,T999A,K005A,RF-00002582-PAR,1.929,-1.0,VAL,2015,Benzalkonium chloride,Benzalkonium chloride,Benzalkonium chloride (BAC),RF-00002582-PAR,0.1,True
273751,F355AF275F95B004986A4520CE06DC3F,DE,DE,P1020010A,-1,T999A,K005A,RF-00002582-PAR,2.36,-1.0,VAL,2015,Benzalkonium chloride,Benzalkonium chloride,Benzalkonium chloride (BAC),RF-00002582-PAR,0.1,True
274291,E0DE5AAAA57D84FC9452873C3F760A83,DE,XX,P1020010A,-1,T999A,K005A,RF-0842-001-PPP,0.00128,4.0,VAL,2015,Permethrin (sum),Permethrin (sum),Permethrin (sum of isomers),RF-0842-001-PPP,0.0,True
311183,9963B23B85E88560E3D00F58972361DE,BE,BE,P1020010A,-1,T999A,K018A,RF-0239-002-PPP,0.01048,100.0,VAL,2015,HCH-beta,HCH-beta,"Hexachlorocyclohexane (HCH), beta-isomer",RF-0239-002-PPP,0.01,True
347636,6B4CCBB68A49726E64D53E8D29DBA353,DE,DE,P1020010A,N_A,T999A,K005A,RF-00002582-PAR,0.15,-1.0,VAL,2016,Benzalkonium chloride,Benzalkonium chloride,Benzalkonium chloride (BAC),RF-00002582-PAR,0.1,True
364755,BE02E667AE9F223A06108B6EE25B74BE,IE,IE,P1020000A,N_A,T999A,K005A,RF-0271-005-PPP,0.39,-1.0,VAL,2016,-1,-1,-1,-1,-1.0,-1
365426,BE02E667AE9F223A06108B6EE25B74BE,IE,IE,P1020000A,N_A,T999A,K005A,RF-0273-003-PPP,0.35,-1.0,VAL,2016,Mecoprop (sum),Mecoprop (sum),Mecoprop (sum of mecoprop-p and mecoprop expressed as mecoprop),RF-0273-003-PPP,0.01,True
370237,BE02E667AE9F223A06108B6EE25B74BE,IE,IE,P1020000A,N_A,T999A,K005A,RF-0010-003-PPP,0.29,-1.0,VAL,2016,"2,4-D (sum)","2,4-D","2,4-D",RF-0010-003-PPP,0.01,True
411728,25AF61B4F29277D860D18D3002F577CC,BE,BE,P1020010A,N_A,T999A,K005A,RF-0119-001-PPP,0.05801,4.0,VAL,2016,DDT (sum),DDT (sum),"DDT (sum of p,p'-DDT, o,p'-DDT, p-p'-DDE and p,p'-TDE (DDD) expressed as DDT)",RF-0119-001-PPP,0.04,True
412357,2BB109B46C291C761375CDF80351CB9D,BE,BE,P1020010A,N_A,T999A,K005A,RF-0021-001-PPP,0.01375,4.0,VAL,2016,Dieldrin (sum),Dieldrin (sum),Aldrin and Dieldrin (Aldrin and dieldrin combined expressed as dieldrin),RF-0021-001-PPP,0.006,True
412981,7FE861D73CEE800601BEB49E018E8469,BE,BE,P1020010A,N_A,T999A,K005A,RF-0237-001-PPP,0.03066,4.0,VAL,2016,Hexachlorobenzene,Hexachlorobenzene,Hexachlorobenzene,RF-0237-001-PPP,0.005,True
413049,7FE861D73CEE800601BEB49E018E8469,BE,BE,P1020010A,N_A,T999A,K005A,RF-0239-002-PPP,0.01095,4.0,VAL,2016,HCH-beta,HCH-beta,"Hexachlorocyclohexane (HCH), beta-isomer",RF-0239-002-PPP,0.01,True
413285,2BB109B46C291C761375CDF80351CB9D,BE,BE,P1020010A,N_A,T999A,K005A,RF-0021-003-PPP,0.01375,4.0,VAL,2016,Dieldrin (sum),Dieldrin (sum),Dieldrin,RF-0021-003-PPP,0.006,True
496096,AA4C3B66DD73F266D6C477B511262F9D,IE,IE,P1020010A,N_A,T999A,K005A,RF-00002582-PAR,0.14,-1.0,VAL,2017,Benzalkonium chloride,Benzalkonium chloride,Benzalkonium chloride (BAC),RF-00002582-PAR,0.1,True
497370,7180DFA33F64DE826B7561EC01A94DB1,IE,IE,P1020010A,N_A,T999A,K005A,RF-00002582-PAR,0.242,-1.0,VAL,2017,Benzalkonium chloride,Benzalkonium chloride,Benzalkonium chloride (BAC),RF-00002582-PAR,0.1,True
673971,57A087706E50CA9A9FFEEA96A594FA50,FR,FR,A02LZ,-1,-1,K018A,RF-0823-001-PPP,0.19,-1.0,VAL,2019,2-phenylphenol (sum),2-phenylphenol (sum),"2-phenylphenol (sum of 2-phenylphenol and its conjugates, expressed as 2-phenylphenol)",RF-0823-001-PPP,0.01,True
749031,C963CE961A0EBD46A8F2144F616FB384,GB,GB,A02LY,-1,-1,K018A,RF-1078-004-PPP,0.2,-1.0,VAL,2019,BAC 12,BAC 12,BAC 12,RF-1078-004-PPP,0.1,True
1031456,E915AB51E5798D769FE171364A308399,NL,NL,A02LV,-1,-1,K018A,RF-0050-001-PPP,0.78,-1.0,VAL,2022,Bromide ion,Bromide ion,Bromide ion,RF-0050-001-PPP,0.05,True
1031628,2E374F855228FE462CCE73B3A1457DA6,NL,NL,A02LV,-1,-1,K018A,RF-0050-001-PPP,1.0,-1.0,VAL,2022,Bromide ion,Bromide ion,Bromide ion,RF-0050-001-PPP,0.05,True
1031799,444007BF4816597D608B11190F9FF4C1,NL,NL,A02LV,-1,-1,K018A,RF-0050-001-PPP,1.8,-1.0,VAL,2022,Bromide ion,Bromide ion,Bromide ion,RF-0050-001-PPP,0.05,True
1031959,A2E9DD4DCF01D6FB907144A6F0A87717,NL,BE,A02LV,-1,-1,K018A,RF-0050-001-PPP,2.1,-1.0,VAL,2022,Bromide ion,Bromide ion,Bromide ion,RF-0050-001-PPP,0.05,True
1032132,6095290FAFA5F2BAFC7A1A4C226FAD14,NL,NL,A02LV,-1,-1,K018A,RF-0050-001-PPP,7.5,-1.0,VAL,2022,Bromide ion,Bromide ion,Bromide ion,RF-0050-001-PPP,0.05,True
1032293,0BC128EF751B5D3470C12098FFBBB811,NL,NL,A02LV,-1,-1,K018A,RF-0050-001-PPP,2.0,-1.0,VAL,2022,Bromide ion,Bromide ion,Bromide ion,RF-0050-001-PPP,0.05,True
1032629,A25F4E4836032E53F08C108F36D5E966,NL,BE,A02LV,-1,-1,K018A,RF-0050-001-PPP,1.8,-1.0,VAL,2022,Bromide ion,Bromide ion,Bromide ion,RF-0050-001-PPP,0.05,True
1032777,B693A04EC5B19B5E5E201C804013BCD5,NL,BE,A02LV,-1,-1,K018A,RF-0050-001-PPP,1.7,-1.0,VAL,2022,Bromide ion,Bromide ion,Bromide ion,RF-0050-001-PPP,0.05,True
1032952,4FF4A1E95698EF45767CCF08929E967D,NL,NL,A02LV,-1,-1,K018A,RF-0050-001-PPP,1.3,-1.0,VAL,2022,Bromide ion,Bromide ion,Bromide ion,RF-0050-001-PPP,0.05,True
1033122,F10FD785B550646AEAB49F8BDDB78199,NL,NL,A02LV,-1,-1,K018A,RF-0050-001-PPP,5.5,-1.0,VAL,2022,Bromide ion,Bromide ion,Bromide ion,RF-0050-001-PPP,0.05,True
1033292,2B1CEB73FE08BFF8C8267DCB30B4A53B,NL,NL,A02LV,-1,-1,K018A,RF-0050-001-PPP,6.4,-1.0,VAL,2022,Bromide ion,Bromide ion,Bromide ion,RF-0050-001-PPP,0.05,True
1033463,EA3AF8DC0540865E5AD5C6E56C32D007,NL,NL,A02LV,-1,-1,K018A,RF-0050-001-PPP,2.7,-1.0,VAL,2022,Bromide ion,Bromide ion,Bromide ion,RF-0050-001-PPP,0.05,True
1034011,E27AE34B5945854245D640139C2438FF,NL,DE,A02LV,-1,-1,K018A,RF-0050-001-PPP,2.1,-1.0,VAL,2022,Bromide ion,Bromide ion,Bromide ion,RF-0050-001-PPP,0.05,True
1034170,92CD4024E22E3AA6F9E9762292B7A7A5,NL,NL,A02LV,-1,-1,K018A,RF-0050-001-PPP,2.4,-1.0,VAL,2022,Bromide ion,Bromide ion,Bromide ion,RF-0050-001-PPP,0.05,True
1034350,41440A33711361B2B85318DAF8314445,NL,NL,A02LV,-1,-1,K018A,RF-0050-001-PPP,3.4,-1.0,VAL,2022,Bromide ion,Bromide ion,Bromide ion,RF-0050-001-PPP,0.05,True
1034517,474250A30966D278A4C58F5036E7C203,NL,NL,A02LV,-1,-1,K018A,RF-0050-001-PPP,1.8,-1.0,VAL,2022,Bromide ion,Bromide ion,Bromide ion,RF-0050-001-PPP,0.05,True
1034667,0022D5F0608E3798A0CE0109CF15C1A5,NL,DE,A02LV,-1,-1,K018A,RF-0050-001-PPP,2.5,-1.0,VAL,2022,Bromide ion,Bromide ion,Bromide ion,RF-0050-001-PPP,0.05,True
1034834,F00EA769FE92586656B7C510C30BA5A5,NL,NL,A02LV,-1,-1,K018A,RF-0050-001-PPP,1.1,-1.0,VAL,2022,Bromide ion,Bromide ion,Bromide ion,RF-0050-001-PPP,0.05,True
1035015,4E4F7EC80D93F0F74B0098876C072A21,NL,BE,A02LV,-1,-1,K018A,RF-0050-001-PPP,1.5,-1.0,VAL,2022,Bromide ion,Bromide ion,Bromide ion,RF-0050-001-PPP,0.05,True
1079852,41145E363965FF4D72DDE55B1F4610BF,IE,IE,A02LV,-1,-1,K005A,RF-00000015-CHE,0.22,-1.0,VAL,2023,Chlorate,Chlorate,Chlorate,RF-00000015-CHE,0.1,True
1100405,8983B5D408D699BFA0AEF062CBE27341,IE,IE,A02LV,-1,-1,K018A,RF-00000015-CHE,0.22,-1.0,VAL,2023,Chlorate,Chlorate,Chlorate,RF-00000015-CHE,0.1,True
1168046,7EC211AC0DEA9559F3A88EB9C1814E20,DE,PL,A02LV,-1,-1,K005A,RF-00000015-CHE,0.11,-1.0,VAL,2024,Chlorate,Chlorate,Chlorate,RF-00000015-CHE,0.1,True
1189756,D3B8CF8B9C797942FE68565E4ED2D8C3,ES,MA,A02LN,-1,-1,K005A,RF-0112-001-PPP,0.071,-1.0,VAL,2024,Cypermethrin (sum),Cypermethrin (sum),Cypermethrin (Cypermethrin including other mixtures of constituent isomers (sum of isomers)),RF-0112-001-PPP,0.05,True
1230289,0E329ED32D0792530BC4DC8121312FA3,PL,PL,A02LV,-1,-1,K005A,RF-0119-006-PPP,2.0,-1.0,VAL,2024,DDT (sum),"DDT, p,p-","DDT, p,p-",RF-0119-006-PPP,0.04,True
1230301,0E329ED32D0792530BC4DC8121312FA3,PL,PL,A02LV,-1,-1,K005A,RF-0119-003-PPP,2.0,-1.0,VAL,2024,DDT (sum),"DDT, o,p-","DDT, o,p-",RF-0119-003-PPP,0.04,True
1251576,1411AC439515A3C5ACFE87C7D2AEBE3D,NL,NL,A02LV,-1,-1,K018A,RF-1078-002-PPP,0.15,-1.0,VAL,2024,DDAC (mix),DDAC (mix),"Didecyldimethylammonium chloride (mixture of alkyl-quaternary ammonium salts with alkyl chain lengths of C8, C10 and C12)",RF-1078-002-PPP,0.1,True
1251634,E1D62501DD40E8B546FFBDA9A4C9E672,NL,NL,A02LV,-1,-1,K018A,RF-00002582-PAR,1.6,-1.0,VAL,2024,Benzalkonium chloride,Benzalkonium chloride,Benzalkonium chloride (BAC),RF-00002582-PAR,0.1,True
1251636,E1D62501DD40E8B546FFBDA9A4C9E672,NL,NL,A02LV,-1,-1,K018A,RF-1078-004-PPP,1.4,-1.0,VAL,2024,BAC 12,BAC 12,BAC 12,RF-1078-004-PPP,0.1,True
1251637,E1D62501DD40E8B546FFBDA9A4C9E672,NL,NL,A02LV,-1,-1,K018A,RF-1078-005-PPP,0.24,-1.0,VAL,2024,BAC 14,BAC 14,BAC 14,RF-1078-005-PPP,0.1,True
1252078,1411AC439515A3C5ACFE87C7D2AEBE3D,NL,NL,A02LV,-1,-1,K018A,RF-1078-004-PPP,0.15,-1.0,VAL,2024,BAC 12,BAC 12,BAC 12,RF-1078-004-PPP,0.1,True
1254752,E1D62501DD40E8B546FFBDA9A4C9E672,NL,NL,A02LV,-1,-1,K018A,RF-1078-002-PPP,1.4,-1.0,VAL,2024,DDAC (mix),DDAC (mix),"Didecyldimethylammonium chloride (mixture of alkyl-quaternary ammonium salts with alkyl chain lengths of C8, C10 and C12)",RF-1078-002-PPP,0.1,True
1266133,8C51CC7313D7E7BE5396058014DD2C01,MK,MK,A02LY,-1,-1,K005A,RF-0102-001-PPP,9.1,-1.0,LOQ,2024,Copper compounds,Copper compounds,Copper compounds (copper),RF-0102-001-PPP,2.0,True
1266187,F2B74A0F2316B23494F46D6D1C8265BD,MK,MK,A02LY,-1,-1,K005A,RF-0102-001-PPP,15.85,-1.0,LOQ,2024,Copper compounds,Copper compounds,Copper compounds (copper),RF-0102-001-PPP,2.0,True
1266235,123306CC465D0BA9352749D73A76341B,MK,MK,A02LY,-1,-1,K005A,RF-0102-001-PPP,6.85,-1.0,LOQ,2024,Copper compounds,Copper compounds,Copper compounds (copper),RF-0102-001-PPP,2.0,True
1266247,CD1BCF72989AE3AC79E89949D2C38642,MK,MK,A02LY,-1,-1,K005A,RF-0102-001-PPP,8.05,-1.0,LOQ,2024,Copper compounds,Copper compounds,Copper compounds (copper),RF-0102-001-PPP,2.0,True
