,sampCountry,year,programme,percentage_with_pesticides,percentage_val_result,total_samples
0,AT,2011,voluntary,100.0,0.71,282
1,AT,2012,voluntary,100.0,0.35,285
2,AT,2013,obligatory,100.0,0.0,9
3,AT,2013,voluntary,100.0,0.0,288
4,AT,2014,voluntary,100.0,0.0,293
5,AT,2015,voluntary,100.0,2.06,339
6,AT,2016,obligatory,100.0,0.0,15
7,AT,2016,voluntary,100.0,0.0,64
8,AT,2017,voluntary,100.0,0.0,1
9,AT,2019,obligatory,100.0,0.0,32
10,AT,2019,voluntary,100.0,0.0,20
11,AT,2022,obligatory,100.0,100.0,10
12,AT,2022,voluntary,100.0,100.0,10
13,CY,2011,voluntary,100.0,2.94,34
14,CY,2012,voluntary,100.0,0.0,15
15,CY,2013,obligatory,100.0,6.67,15
16,CY,2013,voluntary,100.0,0.0,15
17,CY,2014,voluntary,100.0,10.0,30
18,CY,2015,voluntary,100.0,3.85,26
19,CY,2016,obligatory,100.0,6.67,15
20,CY,2016,voluntary,100.0,7.69,26
21,CY,2017,voluntary,100.0,0.0,25
22,CY,2019,obligatory,100.0,0.0,12
23,CY,2019,voluntary,100.0,0.0,12
24,CY,2020,voluntary,100.0,0.0,1
25,CY,2022,obligatory,100.0,0.0,12
26,CY,2023,voluntary,100.0,0.0,5
27,CY,2024,voluntary,100.0,0.0,7
28,CZ,2013,obligatory,100.0,0.0,16
29,CZ,2013,voluntary,100.0,0.0,16
30,CZ,2014,voluntary,100.0,0.0,7
31,CZ,2015,voluntary,100.0,0.0,15
32,CZ,2016,obligatory,100.0,0.0,15
33,CZ,2016,voluntary,100.0,0.0,15
34,CZ,2017,voluntary,100.0,4.65,43
35,CZ,2018,voluntary,100.0,10.0,10
36,CZ,2019,obligatory,100.0,7.14,14
37,CZ,2020,voluntary,100.0,0.0,12
38,CZ,2021,voluntary,100.0,8.33,12
39,CZ,2022,obligatory,100.0,0.0,14
40,CZ,2023,voluntary,100.0,0.0,35
41,CZ,2024,voluntary,100.0,26.47,34
42,DE,2011,voluntary,100.0,80.91,220
43,DE,2012,voluntary,100.0,51.87,536
44,DE,2013,obligatory,100.0,40.59,271
45,DE,2013,voluntary,100.0,55.7,316
46,DE,2014,voluntary,100.0,70.0,330
47,DE,2015,voluntary,100.0,31.91,398
48,DE,2016,obligatory,100.0,14.06,128
49,DE,2016,voluntary,100.0,28.57,238
50,DE,2017,voluntary,100.0,22.18,293
51,DE,2018,voluntary,100.0,14.66,191
52,DE,2019,obligatory,100.0,26.4,197
53,DE,2019,voluntary,100.0,13.82,246
54,DE,2021,voluntary,100.0,20.44,181
55,DE,2022,obligatory,100.0,13.45,119
56,DE,2022,voluntary,100.0,7.41,216
57,DE,2023,voluntary,100.0,7.14,182
58,DE,2024,voluntary,100.0,10.26,195
59,DK,2011,voluntary,100.0,0.0,1
60,DK,2012,voluntary,100.0,0.0,1
61,DK,2013,obligatory,100.0,0.0,15
62,DK,2013,voluntary,100.0,0.0,15
63,DK,2014,voluntary,100.0,0.0,13
64,DK,2015,voluntary,100.0,0.0,15
65,DK,2016,obligatory,100.0,0.0,15
66,DK,2016,voluntary,100.0,0.0,15
67,DK,2017,voluntary,100.0,0.0,15
68,DK,2018,voluntary,100.0,0.0,24
69,DK,2019,obligatory,100.0,0.0,21
70,DK,2019,voluntary,100.0,0.0,21
71,DK,2020,voluntary,100.0,14.29,28
72,DK,2021,voluntary,100.0,0.0,30
73,DK,2022,obligatory,100.0,2.04,49
74,DK,2022,voluntary,100.0,2.04,49
75,DK,2023,voluntary,100.0,8.16,49
76,DK,2024,voluntary,100.0,0.0,40
77,ES,2011,voluntary,100.0,0.0,2
78,ES,2012,voluntary,100.0,0.0,2
79,ES,2013,obligatory,100.0,2.27,44
80,ES,2013,voluntary,100.0,0.0,1
81,ES,2014,voluntary,100.0,0.0,19
82,ES,2015,voluntary,100.0,0.0,21
83,ES,2016,obligatory,100.0,0.0,61
84,ES,2016,voluntary,100.0,0.0,19
85,ES,2017,voluntary,100.0,0.0,7
86,ES,2018,voluntary,100.0,0.0,2
87,ES,2019,obligatory,100.0,0.0,67
88,ES,2019,voluntary,100.0,0.0,3
89,ES,2020,voluntary,100.0,0.0,4
90,ES,2021,voluntary,100.0,0.0,3
91,ES,2022,obligatory,100.0,0.0,52
92,ES,2022,voluntary,100.0,0.0,21
93,ES,2023,voluntary,100.0,0.0,6
94,ES,2024,voluntary,100.0,14.81,27
95,FI,2013,obligatory,100.0,0.0,14
96,FI,2016,obligatory,100.0,0.0,20
97,FI,2019,obligatory,100.0,0.0,12
98,FI,2022,obligatory,100.0,0.0,12
99,FR,2013,obligatory,100.0,3.03,66
100,FR,2013,voluntary,100.0,2.94,68
101,FR,2015,voluntary,100.0,0.0,2
102,FR,2016,obligatory,100.0,0.0,67
103,FR,2016,voluntary,100.0,0.0,67
104,FR,2017,voluntary,100.0,0.0,62
105,FR,2018,voluntary,100.0,0.5,200
106,FR,2019,obligatory,100.0,0.49,405
107,FR,2019,voluntary,100.0,0.49,405
108,FR,2020,voluntary,100.0,0.0,179
109,FR,2021,voluntary,100.0,0.62,160
110,FR,2022,obligatory,100.0,0.32,309
111,FR,2022,voluntary,100.0,0.32,309
112,FR,2023,voluntary,100.0,0.0,8
113,FR,2024,voluntary,100.0,0.0,40
114,GR,2011,voluntary,100.0,0.0,10
115,GR,2013,obligatory,100.0,0.0,15
116,GR,2014,voluntary,100.0,0.0,3
117,GR,2016,obligatory,100.0,0.0,15
118,GR,2016,voluntary,100.0,0.0,15
119,GR,2019,obligatory,100.0,0.0,5
120,GR,2019,voluntary,100.0,0.0,4
121,GR,2022,voluntary,100.0,0.0,2
122,GR,2023,voluntary,100.0,0.0,23
123,GR,2024,voluntary,100.0,0.0,10
124,IE,2011,voluntary,100.0,1.69,59
125,IE,2012,voluntary,100.0,0.0,67
126,IE,2013,obligatory,100.0,0.0,65
127,IE,2013,voluntary,100.0,0.0,65
128,IE,2014,voluntary,100.0,0.0,55
129,IE,2015,voluntary,100.0,0.0,53
130,IE,2016,obligatory,100.0,0.0,15
131,IE,2016,voluntary,100.0,1.19,84
132,IE,2017,voluntary,100.0,3.12,64
133,IE,2018,voluntary,100.0,0.0,58
134,IE,2019,obligatory,100.0,0.0,12
135,IE,2019,voluntary,100.0,0.0,62
136,IE,2021,voluntary,100.0,27.78,90
137,IE,2022,obligatory,100.0,8.33,12
138,IE,2022,voluntary,100.0,5.56,90
139,IE,2023,voluntary,100.0,3.57,84
140,IE,2024,voluntary,100.0,1.28,78
141,IT,2011,voluntary,100.0,0.0,5
142,IT,2012,voluntary,100.0,0.0,18
143,IT,2013,obligatory,100.0,0.0,38
144,IT,2013,voluntary,100.0,0.0,61
145,IT,2014,voluntary,100.0,0.0,102
146,IT,2015,voluntary,100.0,0.0,120
147,IT,2016,obligatory,100.0,0.0,86
148,IT,2016,voluntary,100.0,3.81,105
149,IT,2017,voluntary,100.0,2.06,194
150,IT,2018,voluntary,100.0,0.0,167
151,IT,2019,obligatory,100.0,0.0,147
152,IT,2019,voluntary,100.0,0.0,261
153,IT,2020,voluntary,100.0,0.0,174
154,IT,2021,voluntary,100.0,0.0,219
155,IT,2022,obligatory,100.0,0.84,119
156,IT,2022,voluntary,100.0,1.85,271
157,IT,2023,voluntary,100.0,1.17,341
158,IT,2024,voluntary,100.0,0.65,155
159,LU,2013,obligatory,100.0,0.0,20
160,LU,2016,obligatory,100.0,0.0,30
161,LU,2016,voluntary,100.0,0.0,30
162,LU,2019,obligatory,100.0,0.0,15
163,LU,2019,voluntary,100.0,0.0,15
164,LU,2022,obligatory,100.0,0.0,15
165,LU,2022,voluntary,100.0,0.0,15
166,LU,2024,voluntary,100.0,0.0,1
167,LV,2013,obligatory,100.0,0.0,11
168,LV,2016,obligatory,100.0,0.0,15
169,LV,2019,obligatory,100.0,0.0,12
170,LV,2022,obligatory,100.0,0.0,12
171,LV,2023,voluntary,100.0,0.0,1
172,LV,2024,voluntary,100.0,0.0,5
173,MT,2013,obligatory,100.0,0.0,16
174,MT,2013,voluntary,100.0,0.0,16
175,MT,2016,obligatory,100.0,0.0,14
176,MT,2016,voluntary,100.0,0.0,14
177,MT,2019,obligatory,100.0,0.0,12
178,MT,2022,obligatory,100.0,0.0,12
179,MT,2024,voluntary,100.0,0.0,5
180,NL,2013,obligatory,100.0,0.0,35
181,NL,2013,voluntary,100.0,0.0,35
182,NL,2016,obligatory,100.0,0.0,29
183,NL,2016,voluntary,100.0,0.0,29
184,NL,2019,obligatory,100.0,0.0,858
185,NL,2019,voluntary,100.0,0.0,858
186,NL,2020,voluntary,100.0,0.0,808
187,NL,2021,voluntary,100.0,2.5,40
188,NL,2022,obligatory,100.0,55.88,34
189,NL,2022,voluntary,100.0,55.88,34
190,NL,2024,voluntary,100.0,0.9,443
191,NO,2013,obligatory,100.0,0.0,15
192,NO,2016,obligatory,100.0,0.0,15
193,NO,2019,obligatory,100.0,0.0,12
194,NO,2022,obligatory,100.0,0.0,254
195,NO,2022,voluntary,100.0,0.0,242
196,NO,2023,voluntary,100.0,3.7,54
197,NO,2024,voluntary,100.0,0.0,11
198,PL,2011,voluntary,100.0,0.0,21
199,PL,2012,voluntary,100.0,0.0,11
200,PL,2013,obligatory,100.0,0.0,30
201,PL,2013,voluntary,100.0,0.0,30
202,PL,2014,voluntary,100.0,0.0,30
203,PL,2016,obligatory,100.0,0.0,39
204,PL,2016,voluntary,100.0,0.0,39
205,PL,2019,obligatory,100.0,0.0,55
206,PL,2019,voluntary,100.0,0.0,55
207,PL,2021,voluntary,100.0,0.0,40
208,PL,2022,obligatory,100.0,0.0,53
209,PL,2022,voluntary,100.0,0.0,55
210,PL,2023,voluntary,100.0,0.0,157
211,PL,2024,voluntary,100.0,0.49,203
212,RO,2011,voluntary,100.0,42.11,19
213,RO,2012,voluntary,100.0,43.48,23
214,RO,2013,obligatory,100.0,15.62,32
215,RO,2013,voluntary,100.0,15.62,32
216,RO,2014,voluntary,100.0,28.57,14
217,RO,2015,voluntary,100.0,50.0,22
218,RO,2016,obligatory,100.0,29.63,27
219,RO,2016,voluntary,100.0,29.63,27
220,RO,2017,voluntary,100.0,50.0,2
221,RO,2019,obligatory,100.0,10.0,10
222,RO,2019,voluntary,100.0,14.29,7
223,RO,2022,obligatory,100.0,0.0,13
224,RO,2022,voluntary,100.0,0.0,13
225,RO,2023,voluntary,100.0,0.0,10
226,SE,2013,obligatory,100.0,0.0,32
227,SE,2016,obligatory,100.0,0.0,30
228,SE,2019,obligatory,100.0,0.0,15
229,SE,2020,voluntary,100.0,0.0,5
230,SE,2021,voluntary,100.0,0.0,5
231,SE,2022,obligatory,100.0,0.0,20
232,SE,2022,voluntary,100.0,0.0,5
233,SE,2023,voluntary,100.0,0.0,29
234,SE,2024,voluntary,100.0,0.0,28
235,SI,2013,obligatory,100.0,0.0,10
236,SI,2013,voluntary,100.0,0.0,10
237,SI,2014,voluntary,100.0,0.0,5
238,SI,2015,voluntary,100.0,0.0,15
239,SI,2016,obligatory,100.0,0.0,15
240,SI,2016,voluntary,100.0,0.0,15
241,SI,2017,voluntary,100.0,0.0,4
242,SI,2018,voluntary,100.0,0.0,10
243,SI,2019,obligatory,100.0,0.0,12
244,SI,2019,voluntary,100.0,0.0,12
245,SI,2020,voluntary,100.0,0.0,10
246,SI,2021,voluntary,100.0,0.0,10
247,SI,2022,obligatory,100.0,0.0,12
248,SI,2022,voluntary,100.0,0.0,12
249,SI,2023,voluntary,100.0,0.0,22
250,SI,2024,voluntary,100.0,0.0,19
251,SK,2013,obligatory,100.0,86.67,15
252,SK,2013,voluntary,100.0,60.0,5
253,SK,2015,voluntary,100.0,0.0,1
254,SK,2016,obligatory,100.0,66.67,15
255,SK,2019,obligatory,100.0,6.67,15
256,SK,2022,obligatory,100.0,0.0,12
