,year,customSampleId,sampCountry,origCountry,progType,long_name,limit,resVal,total_samples,unacceptable_count
25699,2011,D7221,IE,IE,K005A,Iprovalicarb,0.01,0.024,59,1
35052,2011,8F259,BE,BE,K005A,Aldrin and Dieldrin (Aldrin and dieldrin combined expressed as dieldrin),0.006,0.01642,33,9
35054,2011,8F259,BE,BE,K005A,Dieldrin,0.006,0.01642,33,9
35055,2011,8F259,BE,BE,K005A,Hexachlorobenzene,0.005,0.01009,33,9
35079,2011,BFEA3,BE,BE,K005A,"Hexachlorocyclohexane (HCH), beta-isomer",0.01,0.01304,33,9
35137,2011,B5509,BE,BE,K005A,"Hexachlorocyclohexane (HCH), beta-isomer",0.01,0.03572,33,9
35302,2011,1AEAD,BE,BE,K005A,"Hexachlorocyclohexane (HCH), beta-isomer",0.01,0.01383,33,9
35316,2011,34D80,BE,BE,K005A,Aldrin and Dieldrin (Aldrin and dieldrin combined expressed as dieldrin),0.006,0.01438,33,9
35318,2011,34D80,BE,BE,K005A,Dieldrin,0.006,0.01438,33,9
35319,2011,34D80,BE,BE,K005A,Hexachlorobenzene,0.005,0.01168,33,9
35368,2011,BEDD0,BE,BE,K005A,Chlordane (sum of cis- and trans-isomers and oxychlordane expressed as chlordane),0.002,0.04149,33,9
35369,2011,BEDD0,BE,BE,K005A,"Chlordane, trans-",0.002,0.04149,33,9
35396,2011,608DD,BE,BE,K005A,"DDE, o,p-",0.04,0.0446,33,9
35397,2011,608DD,BE,BE,K005A,"Hexachlorocyclohexane (HCH), beta-isomer",0.01,0.0194,33,9
35499,2011,DA43A,BE,BE,K005A,"DDT (sum of p,p'-DDT, o,p'-DDT, p-p'-DDE and p,p'-TDE (DDD) expressed as DDT)",0.04,0.062,33,9
35503,2011,DA43A,BE,BE,K005A,Aldrin and Dieldrin (Aldrin and dieldrin combined expressed as dieldrin),0.006,0.01095,33,9
35505,2011,DA43A,BE,BE,K005A,Heptachlor epoxide,0.004,0.02964,33,9
35506,2011,DA43A,BE,BE,K005A,Hexachlorobenzene,0.005,0.01177,33,9
35508,2011,DA43A,BE,BE,K005A,Heptachlor (sum of heptachlor and heptachlor epoxide expressed as heptachlor),0.004,0.02964,33,9
35552,2011,DA43A,BE,BE,K005A,Dieldrin,0.006,0.01095,33,9
35570,2011,F93F1,BE,BE,K005A,"Hexachlorocyclohexane (HCH), beta-isomer",0.01,0.017,33,9
55022,2012,D748C,DE,DE,K005A,Hexachlorobenzene,0.005,0.006,536,14
63511,2012,1C416,DE,DE,K005A,Permethrin (sum of isomers),0.0,0.0005,536,14
64921,2012,06381,DE,DE,K005A,"Didecyldimethylammonium chloride (mixture of alkyl-quaternary ammonium salts with alkyl chain lengths of C8, C10 and C12)",0.1,1.13,536,14
64929,2012,3D653,DE,DE,K005A,"Didecyldimethylammonium chloride (mixture of alkyl-quaternary ammonium salts with alkyl chain lengths of C8, C10 and C12)",0.1,1.96,536,14
64930,2012,5C48C,DE,DE,K005A,"Didecyldimethylammonium chloride (mixture of alkyl-quaternary ammonium salts with alkyl chain lengths of C8, C10 and C12)",0.1,89.48,536,14
64933,2012,C5B79,DE,DE,K005A,"Didecyldimethylammonium chloride (mixture of alkyl-quaternary ammonium salts with alkyl chain lengths of C8, C10 and C12)",0.1,0.16,536,14
64949,2012,C228C,DE,DE,K005A,Not in list,0.01,0.57,536,14
64962,2012,738D3,DE,DE,K005A,Not in list,0.01,0.6,536,14
64963,2012,B6B40,DE,DE,K005A,Not in list,0.01,0.18,536,14
64964,2012,6CD49,DE,DE,K005A,Not in list,0.01,0.44,536,14
64965,2012,AA4F3,DE,DE,K005A,Not in list,0.01,1.82,536,14
64977,2012,06381,DE,DE,K005A,Not in list,0.01,0.15,536,14
64979,2012,5C48C,DE,DE,K005A,Not in list,0.01,0.21,536,14
64980,2012,A6447,DE,DE,K005A,Not in list,0.01,0.15,536,14
64984,2012,C5B79,DE,DE,K005A,Not in list,0.01,0.15,536,14
64986,2012,3D653,DE,DE,K005A,Not in list,0.01,0.1,536,14
64989,2012,780C6,DE,DE,K005A,Not in list,0.01,0.09,536,14
64990,2012,3FD15,DE,DE,K005A,Not in list,0.01,0.074,536,14
95398,2012,02D83,BE,BE,K005A,"Heptachlorepoxide, cis-",0.004,0.01532,34,2
95460,2012,B5A39,BE,BE,K005A,Hexachlorobenzene,0.005,0.01,34,2
95502,2012,B5A39,BE,BE,K005A,"Hexachlorocyclohexane (HCH), beta-isomer",0.01,0.012,34,2
130302,2013,8DA29,DE,DE,K005A,"Didecyldimethylammonium chloride (mixture of alkyl-quaternary ammonium salts with alkyl chain lengths of C8, C10 and C12)",0.1,1.72,587,2
179058,2013,127B1,SK,SK,K005A,"Didecyldimethylammonium chloride (mixture of alkyl-quaternary ammonium salts with alkyl chain lengths of C8, C10 and C12)",0.1,0.15,20,1
195334,2013,F230F,BE,BE,K005A,Heptachlor (sum of heptachlor and heptachlor epoxide expressed as heptachlor),0.004,0.02189,74,8
195346,2013,EBD1F,BE,BE,K005A,Heptachlor (sum of heptachlor and heptachlor epoxide expressed as heptachlor),0.004,0.03549,74,8
195352,2013,7C29C,BE,BE,K005A,Heptachlor (sum of heptachlor and heptachlor epoxide expressed as heptachlor),0.004,0.01016,74,8
195375,2013,4F638,BE,BE,K005A,Heptachlor (sum of heptachlor and heptachlor epoxide expressed as heptachlor),0.004,0.01097,74,8
195379,2013,F230F,BE,BE,K005A,"Heptachlorepoxide, cis-",0.004,0.02189,74,8
195390,2013,EBD1F,BE,BE,K005A,"Heptachlorepoxide, cis-",0.004,0.02086,74,8
195396,2013,7C29C,BE,BE,K005A,"Heptachlorepoxide, cis-",0.004,0.01016,74,8
195420,2013,4F638,BE,BE,K005A,"Heptachlorepoxide, cis-",0.004,0.01097,74,8
195522,2013,7BD70,BE,BE,K005A,Hexachlorobenzene,0.005,0.02611,74,8
195525,2013,EBD1F,BE,BE,K005A,Hexachlorobenzene,0.005,0.01025,74,8
195616,2013,44BCA,BE,BE,K005A,"Hexachlorocyclohexane (HCH), beta-isomer",0.01,0.02383,74,8
195644,2013,64D52,BE,BE,K005A,"Hexachlorocyclohexane (HCH), beta-isomer",0.01,0.01635,74,8
195748,2013,7530B,BE,BE,K005A,Methoxychlor,0.01,0.03476,74,8
230425,2014,E2887,DE,DE,K005A,Benzalkonium chloride (BAC),0.1,1.32,330,28
230432,2014,0E72A,DE,DE,K005A,Benzalkonium chloride (BAC),0.1,0.26,330,28
230433,2014,0B2BF,DE,DE,K005A,Benzalkonium chloride (BAC),0.1,0.13,330,28
230434,2014,F7A15,DE,DE,K005A,Benzalkonium chloride (BAC),0.1,3.01,330,28
230437,2014,5C51F,DE,DE,K005A,Benzalkonium chloride (BAC),0.1,7.03,330,28
230454,2014,D03EC,DE,DE,K005A,Benzalkonium chloride (BAC),0.1,1.32,330,28
230457,2014,0C980,DE,DE,K005A,Benzalkonium chloride (BAC),0.1,1.6,330,28
230458,2014,3F697,DE,DE,K005A,Benzalkonium chloride (BAC),0.1,13.98,330,28
230461,2014,BF757,DE,DE,K005A,Benzalkonium chloride (BAC),0.1,0.281,330,28
230465,2014,5D2C0,DE,DE,K005A,Benzalkonium chloride (BAC),0.1,1.155,330,28
230471,2014,0CDF3,DE,DE,K005A,Benzalkonium chloride (BAC),0.1,0.28,330,28
230472,2014,A1922,DE,DE,K005A,Benzalkonium chloride (BAC),0.1,0.49,330,28
230473,2014,560C0,DE,DE,K005A,Benzalkonium chloride (BAC),0.1,0.63,330,28
230477,2014,76848,DE,DE,K005A,Benzalkonium chloride (BAC),0.1,0.11,330,28
230479,2014,4638D,DE,DE,K005A,Benzalkonium chloride (BAC),0.1,0.589,330,28
230482,2014,637DC,DE,DE,K005A,Benzalkonium chloride (BAC),0.1,0.23,330,28
230484,2014,09EAF,DE,DE,K005A,Benzalkonium chloride (BAC),0.1,0.88,330,28
236294,2014,36F28,DE,DE,K005A,Permethrin (sum of isomers),0.0,0.00152,330,28
236327,2014,87A14,DE,DE,K005A,Permethrin (sum of isomers),0.0,0.00056,330,28
236443,2014,4BC01,DE,DE,K005A,Permethrin (sum of isomers),0.0,0.00112,330,28
236827,2014,85F18,DE,DE,K005A,"Didecyldimethylammonium chloride (mixture of alkyl-quaternary ammonium salts with alkyl chain lengths of C8, C10 and C12)",0.1,29.8,330,28
236828,2014,E2887,DE,DE,K005A,"Didecyldimethylammonium chloride (mixture of alkyl-quaternary ammonium salts with alkyl chain lengths of C8, C10 and C12)",0.1,1.8,330,28
236846,2014,7FBBD,DE,DE,K005A,"Didecyldimethylammonium chloride (mixture of alkyl-quaternary ammonium salts with alkyl chain lengths of C8, C10 and C12)",0.1,21.8,330,28
236847,2014,70555,DE,DE,K005A,"Didecyldimethylammonium chloride (mixture of alkyl-quaternary ammonium salts with alkyl chain lengths of C8, C10 and C12)",0.1,0.81,330,28
236849,2014,CF077,DE,DE,K005A,"Didecyldimethylammonium chloride (mixture of alkyl-quaternary ammonium salts with alkyl chain lengths of C8, C10 and C12)",0.1,0.66,330,28
236850,2014,191F8,DE,DE,K005A,"Didecyldimethylammonium chloride (mixture of alkyl-quaternary ammonium salts with alkyl chain lengths of C8, C10 and C12)",0.1,4.82,330,28
236854,2014,560C0,DE,DE,K005A,"Didecyldimethylammonium chloride (mixture of alkyl-quaternary ammonium salts with alkyl chain lengths of C8, C10 and C12)",0.1,1.46,330,28
236855,2014,752EE,DE,DE,K005A,"Didecyldimethylammonium chloride (mixture of alkyl-quaternary ammonium salts with alkyl chain lengths of C8, C10 and C12)",0.1,0.53,330,28
236856,2014,8F121,DE,DE,K005A,"Didecyldimethylammonium chloride (mixture of alkyl-quaternary ammonium salts with alkyl chain lengths of C8, C10 and C12)",0.1,0.18,330,28
236870,2014,E766F,DE,DE,K005A,"Didecyldimethylammonium chloride (mixture of alkyl-quaternary ammonium salts with alkyl chain lengths of C8, C10 and C12)",0.1,9.31,330,28
236876,2014,09EAF,DE,DE,K005A,"Didecyldimethylammonium chloride (mixture of alkyl-quaternary ammonium salts with alkyl chain lengths of C8, C10 and C12)",0.1,1.43,330,28
236893,2014,5C51F,DE,DE,K005A,BAC 18,0.1,0.87,330,28
293389,2015,E9100,AT,AT,K005A,Hexachlorobenzene,0.005,0.0275,339,7
293390,2015,D04CD,AT,AT,K005A,Hexachlorobenzene,0.005,0.012,339,7
293391,2015,6ACEB,AT,AT,K005A,Hexachlorobenzene,0.005,0.0235,339,7
293392,2015,2588D,AT,AT,K005A,Hexachlorobenzene,0.005,0.006,339,7
293393,2015,DA624,AT,AT,K005A,Hexachlorobenzene,0.005,0.014,339,7
294839,2015,7D0AD,AT,AT,K005A,Hexachlorobenzene,0.005,0.009,339,7
294840,2015,DF519,AT,AT,K005A,Hexachlorobenzene,0.005,0.019,339,7
297593,2015,328C6,DE,DE,K005A,Benzalkonium chloride (BAC),0.1,0.612,398,20
300557,2015,D0B0B,DE,DE,K005A,Benzalkonium chloride (BAC),0.1,2.9,398,20
306153,2015,9A028,DE,DE,K005A,"Didecyldimethylammonium chloride (mixture of alkyl-quaternary ammonium salts with alkyl chain lengths of C8, C10 and C12)",0.1,0.412,398,20
306155,2015,4E428,DE,DE,K005A,"Didecyldimethylammonium chloride (mixture of alkyl-quaternary ammonium salts with alkyl chain lengths of C8, C10 and C12)",0.1,2.29,398,20
306159,2015,13083,DE,DE,K005A,"Didecyldimethylammonium chloride (mixture of alkyl-quaternary ammonium salts with alkyl chain lengths of C8, C10 and C12)",0.1,19.65,398,20
306166,2015,2C17A,DE,DE,K005A,Benzalkonium chloride (BAC),0.1,1.519,398,20
306170,2015,5EC7C,DE,DE,K005A,"Didecyldimethylammonium chloride (mixture of alkyl-quaternary ammonium salts with alkyl chain lengths of C8, C10 and C12)",0.1,6.74,398,20
306172,2015,C7D26,DE,DE,K005A,Benzalkonium chloride (BAC),0.1,6.25,398,20
306173,2015,D74FE,DE,DE,K005A,"Didecyldimethylammonium chloride (mixture of alkyl-quaternary ammonium salts with alkyl chain lengths of C8, C10 and C12)",0.1,3.88,398,20
306175,2015,6FF80,DE,DE,K005A,Benzalkonium chloride (BAC),0.1,0.98,398,20
306176,2015,C7D26,DE,DE,K005A,"Didecyldimethylammonium chloride (mixture of alkyl-quaternary ammonium salts with alkyl chain lengths of C8, C10 and C12)",0.1,6.74,398,20
306180,2015,705CB,DE,DE,K005A,"Didecyldimethylammonium chloride (mixture of alkyl-quaternary ammonium salts with alkyl chain lengths of C8, C10 and C12)",0.1,4.54,398,20
306189,2015,07BAF,DE,DE,K005A,Benzalkonium chloride (BAC),0.1,0.15,398,20
306192,2015,6CB18,DE,DE,K005A,"Didecyldimethylammonium chloride (mixture of alkyl-quaternary ammonium salts with alkyl chain lengths of C8, C10 and C12)",0.1,20.9,398,20
306198,2015,DA689,DE,DE,K005A,"Didecyldimethylammonium chloride (mixture of alkyl-quaternary ammonium salts with alkyl chain lengths of C8, C10 and C12)",0.1,4.28,398,20
306277,2015,D6B89,DE,DE,K005A,Benzalkonium chloride (BAC),0.1,0.304,398,20
306281,2015,A841C,DE,DE,K005A,Benzalkonium chloride (BAC),0.1,0.658,398,20
306283,2015,BA5DF,DE,DE,K005A,"Didecyldimethylammonium chloride (mixture of alkyl-quaternary ammonium salts with alkyl chain lengths of C8, C10 and C12)",0.1,4.82,398,20
306286,2015,BA5DF,DE,DE,K005A,Benzalkonium chloride (BAC),0.1,3.21,398,20
309419,2015,79801,DE,DE,K005A,Benzalkonium chloride (BAC),0.1,1.929,398,20
309536,2015,6DC3F,DE,DE,K005A,Benzalkonium chloride (BAC),0.1,2.36,398,20
310076,2015,60A83,DE,XX,K005A,Permethrin (sum of isomers),0.0,0.00128,398,20
346968,2015,361DE,BE,BE,K018A,"Hexachlorocyclohexane (HCH), beta-isomer",0.01,0.01048,19,1
394795,2016,BA353,DE,DE,K005A,Benzalkonium chloride (BAC),0.1,0.15,366,1
415447,2016,B74BE,IE,IE,K005A,Mecoprop (sum of mecoprop-p and mecoprop expressed as mecoprop),0.01,0.35,84,1
420258,2016,B74BE,IE,IE,K005A,"2,4-D",0.01,0.29,84,1
470939,2016,577CC,BE,BE,K005A,"DDT (sum of p,p'-DDT, o,p'-DDT, p-p'-DDE and p,p'-TDE (DDD) expressed as DDT)",0.04,0.05801,65,3
471568,2016,1CB9D,BE,BE,K005A,Aldrin and Dieldrin (Aldrin and dieldrin combined expressed as dieldrin),0.006,0.01375,65,3
472192,2016,E8469,BE,BE,K005A,Hexachlorobenzene,0.005,0.03066,65,3
472260,2016,E8469,BE,BE,K005A,"Hexachlorocyclohexane (HCH), beta-isomer",0.01,0.01095,65,3
472496,2016,1CB9D,BE,BE,K005A,Dieldrin,0.006,0.01375,65,3
555447,2017,62F9D,IE,IE,K005A,Benzalkonium chloride (BAC),0.1,0.14,64,2
556721,2017,94DB1,IE,IE,K005A,Benzalkonium chloride (BAC),0.1,0.242,64,2
1220600,2023,610BF,IE,IE,K005A,Chlorate,0.1,0.22,84,2
1241153,2023,27341,IE,IE,K018A,Chlorate,0.1,0.22,84,2
1308794,2024,14E20,DE,PL,K005A,Chlorate,0.1,0.11,195,1
1330504,2024,2D8C3,ES,MA,K005A,Cypermethrin (Cypermethrin including other mixtures of constituent isomers (sum of isomers)),0.05,0.071,27,1
1371037,2024,12FA3,PL,PL,K005A,"DDT, p,p-",0.04,2.0,203,1
1371049,2024,12FA3,PL,PL,K005A,"DDT, o,p-",0.04,2.0,203,1
1392324,2024,EBE3D,NL,NL,K018A,"Didecyldimethylammonium chloride (mixture of alkyl-quaternary ammonium salts with alkyl chain lengths of C8, C10 and C12)",0.1,0.15,443,2
1392382,2024,9E672,NL,NL,K018A,Benzalkonium chloride (BAC),0.1,1.6,443,2
1392384,2024,9E672,NL,NL,K018A,BAC 12,0.1,1.4,443,2
1392385,2024,9E672,NL,NL,K018A,BAC 14,0.1,0.24,443,2
1392826,2024,EBE3D,NL,NL,K018A,BAC 12,0.1,0.15,443,2
1395500,2024,9E672,NL,NL,K018A,"Didecyldimethylammonium chloride (mixture of alkyl-quaternary ammonium salts with alkyl chain lengths of C8, C10 and C12)",0.1,1.4,443,2
1406881,2024,D2C01,MK,MK,K005A,Copper compounds (copper),2.0,9.1,34,4
1406935,2024,265BD,MK,MK,K005A,Copper compounds (copper),2.0,15.85,34,4
1406983,2024,6341B,MK,MK,K005A,Copper compounds (copper),2.0,6.85,34,4
1406995,2024,38642,MK,MK,K005A,Copper compounds (copper),2.0,8.05,34,4
