,sampleId,sampCountry,origCountry,productCode,efsaProductCode,productTreat,progType,pesticideCode,resVal,fatPerc,resType,year
3444,A5A85B6394B58A00F7E75DA76F35D8C9,CZ,CZ,P1020010A,A.01.001348,T134A,K018A,RF-0059-001-PPP,0.002,80.0,LOQ,2011
3445,A5A85B6394B58A00F7E75DA76F35D8C9,CZ,CZ,P1020010A,A.01.001348,T134A,K018A,RF-0032-001-PPP,0.01,80.0,LOQ,2011
3446,A5A85B6394B58A00F7E75DA76F35D8C9,CZ,CZ,P1020010A,A.01.001348,T134A,K018A,RF-0119-001-PPP,0.029,80.0,VAL,2011
3447,A5A85B6394B58A00F7E75DA76F35D8C9,CZ,CZ,P1020010A,A.01.001348,T134A,K018A,RF-0263-001-PPP,0.001,80.0,LOQ,2011
3448,A5A85B6394B58A00F7E75DA76F35D8C9,CZ,CZ,P1020010A,A.01.001348,T134A,K018A,RF-0406-001-PPP,0.03,80.0,LOQ,2011
3449,A5A85B6394B58A00F7E75DA76F35D8C9,CZ,CZ,P1020010A,A.01.001348,T134A,K018A,RF-0432-001-PPP,0.01,80.0,LOQ,2011
3450,A5A85B6394B58A00F7E75DA76F35D8C9,CZ,CZ,P1020010A,A.01.001348,T134A,K018A,RF-0011-001-PPP,0.005,80.0,LOQ,2011
3451,A5A85B6394B58A00F7E75DA76F35D8C9,CZ,CZ,P1020010A,A.01.001348,T134A,K018A,RF-0238-001-PPP,0.002,80.0,LOQ,2011
3452,A5A85B6394B58A00F7E75DA76F35D8C9,CZ,CZ,P1020010A,A.01.001348,T134A,K018A,RF-0075-002-PPP,0.001,80.0,LOQ,2011
3453,A5A85B6394B58A00F7E75DA76F35D8C9,CZ,CZ,P1020010A,A.01.001348,T134A,K018A,RF-0155-001-PPP,0.001,80.0,LOQ,2011
3454,A5A85B6394B58A00F7E75DA76F35D8C9,CZ,CZ,P1020010A,A.01.001348,T134A,K018A,RF-0187-006-PPP,0.01,80.0,LOQ,2011
3455,A5A85B6394B58A00F7E75DA76F35D8C9,CZ,CZ,P1020010A,A.01.001348,T134A,K018A,RF-0108-003-PPP,0.005,80.0,LOQ,2011
3456,A5A85B6394B58A00F7E75DA76F35D8C9,CZ,CZ,P1020010A,A.01.001348,T134A,K018A,RF-0239-002-PPP,0.002,80.0,LOQ,2011
3457,A5A85B6394B58A00F7E75DA76F35D8C9,CZ,CZ,P1020010A,A.01.001348,T134A,K018A,RF-0237-001-PPP,0.015,80.0,VAL,2011
3458,A5A85B6394B58A00F7E75DA76F35D8C9,CZ,CZ,P1020010A,A.01.001348,T134A,K018A,RF-0842-001-PPP,0.01,80.0,LOQ,2011
3459,9C546FD6EEF9033680D7D88C330AF075,CZ,CZ,P1020010A,A.01.001029,T134A,K018A,RF-0112-001-PPP,0.01,3.8,LOQ,2011
3460,9C546FD6EEF9033680D7D88C330AF075,CZ,CZ,P1020010A,A.01.001029,T134A,K018A,RF-0120-001-PPP,0.007,3.8,LOQ,2011
3461,9C546FD6EEF9033680D7D88C330AF075,CZ,CZ,P1020010A,A.01.001029,T134A,K018A,RF-0290-001-PPP,0.02,3.8,LOQ,2011
3462,9C546FD6EEF9033680D7D88C330AF075,CZ,CZ,P1020010A,A.01.001029,T134A,K018A,RF-0373-001-PPP,0.02,3.8,LOQ,2011
3463,66B8D2FAAFE5920952CB40EED71652F9,CZ,CZ,P1020010A,A.01.001040,T134A,K018A,RF-0348-001-PPP,0.003,1.51,LOQ,2011
3464,9C546FD6EEF9033680D7D88C330AF075,CZ,CZ,P1020010A,A.01.001029,T134A,K018A,RF-0236-004-PPP,0.001,3.8,LOQ,2011
3465,66B8D2FAAFE5920952CB40EED71652F9,CZ,CZ,P1020010A,A.01.001040,T134A,K018A,RF-0123-001-PPP,0.003,1.51,LOQ,2011
3466,66B8D2FAAFE5920952CB40EED71652F9,CZ,CZ,P1020010A,A.01.001040,T134A,K018A,RF-0295-001-PPP,0.01,1.51,LOQ,2011
3467,66B8D2FAAFE5920952CB40EED71652F9,CZ,CZ,P1020010A,A.01.001040,T134A,K018A,RF-0156-001-PPP,0.001,1.51,LOQ,2011
3468,E9EDB81EBB05E5E9A05B9124EDD3A3DB,CZ,CZ,P1020010A,A.01.000953,T134A,K018A,RF-0059-001-PPP,0.002,,LOQ,2011
3469,E9EDB81EBB05E5E9A05B9124EDD3A3DB,CZ,CZ,P1020010A,A.01.000953,T134A,K018A,RF-0032-001-PPP,0.01,,LOQ,2011
3470,E9EDB81EBB05E5E9A05B9124EDD3A3DB,CZ,CZ,P1020010A,A.01.000953,T134A,K018A,RF-0119-001-PPP,0.001,,LOQ,2011
3471,E9EDB81EBB05E5E9A05B9124EDD3A3DB,CZ,CZ,P1020010A,A.01.000953,T134A,K018A,RF-0263-001-PPP,0.001,,LOQ,2011
3472,E9EDB81EBB05E5E9A05B9124EDD3A3DB,CZ,CZ,P1020010A,A.01.000953,T134A,K018A,RF-0406-001-PPP,0.03,,LOQ,2011
3473,E9EDB81EBB05E5E9A05B9124EDD3A3DB,CZ,CZ,P1020010A,A.01.000953,T134A,K018A,RF-0432-001-PPP,0.01,,LOQ,2011
3474,E9EDB81EBB05E5E9A05B9124EDD3A3DB,CZ,CZ,P1020010A,A.01.000953,T134A,K018A,RF-0011-001-PPP,0.005,,LOQ,2011
3475,E9EDB81EBB05E5E9A05B9124EDD3A3DB,CZ,CZ,P1020010A,A.01.000953,T134A,K018A,RF-0238-001-PPP,0.001,,LOQ,2011
3476,E9EDB81EBB05E5E9A05B9124EDD3A3DB,CZ,CZ,P1020010A,A.01.000953,T134A,K018A,RF-0155-001-PPP,0.001,,LOQ,2011
3477,E7DA8F12518246A7D5E11AADCD7EFA3A,CZ,CZ,P1020010A,A.01.000953,T134A,K018A,RF-0021-003-PPP,0.001,,LOQ,2011
3478,E7DA8F12518246A7D5E11AADCD7EFA3A,CZ,CZ,P1020010A,A.01.000953,T134A,K018A,RF-0842-001-PPP,0.01,,LOQ,2011
3479,E7DA8F12518246A7D5E11AADCD7EFA3A,CZ,CZ,P1020010A,A.01.000953,T134A,K018A,RF-0295-001-PPP,0.01,,LOQ,2011
3480,E7DA8F12518246A7D5E11AADCD7EFA3A,CZ,CZ,P1020010A,A.01.000953,T134A,K018A,RF-0348-001-PPP,0.003,,LOQ,2011
3481,E7DA8F12518246A7D5E11AADCD7EFA3A,CZ,CZ,P1020010A,A.01.000953,T134A,K018A,RF-0123-001-PPP,0.003,,LOQ,2011
3482,A5A85B6394B58A00F7E75DA76F35D8C9,CZ,CZ,P1020010A,A.01.001348,T134A,K018A,RF-0021-003-PPP,0.001,80.0,LOQ,2011
3483,A5A85B6394B58A00F7E75DA76F35D8C9,CZ,CZ,P1020010A,A.01.001348,T134A,K018A,RF-0295-001-PPP,0.01,80.0,LOQ,2011
3484,A5A85B6394B58A00F7E75DA76F35D8C9,CZ,CZ,P1020010A,A.01.001348,T134A,K018A,RF-0348-001-PPP,0.003,80.0,LOQ,2011
3485,A5A85B6394B58A00F7E75DA76F35D8C9,CZ,CZ,P1020010A,A.01.001348,T134A,K018A,RF-0156-001-PPP,0.001,80.0,LOQ,2011
3486,A5A85B6394B58A00F7E75DA76F35D8C9,CZ,CZ,P1020010A,A.01.001348,T134A,K018A,RF-0123-001-PPP,0.003,80.0,LOQ,2011
3487,A5A85B6394B58A00F7E75DA76F35D8C9,CZ,CZ,P1020010A,A.01.001348,T134A,K018A,RF-0385-001-PPP,0.01,80.0,LOQ,2011
3488,A5A85B6394B58A00F7E75DA76F35D8C9,CZ,CZ,P1020010A,A.01.001348,T134A,K018A,RF-0351-001-PPP,0.02,80.0,LOQ,2011
3489,A5A85B6394B58A00F7E75DA76F35D8C9,CZ,CZ,P1020010A,A.01.001348,T134A,K018A,RF-0088-001-PPP,0.004,80.0,LOQ,2011
3490,A5A85B6394B58A00F7E75DA76F35D8C9,CZ,CZ,P1020010A,A.01.001348,T134A,K018A,RF-0690-002-PPP,0.005,80.0,LOQ,2011
3491,A5A85B6394B58A00F7E75DA76F35D8C9,CZ,CZ,P1020010A,A.01.001348,T134A,K018A,RF-0120-001-PPP,0.007,80.0,LOQ,2011
3492,A5A85B6394B58A00F7E75DA76F35D8C9,CZ,CZ,P1020010A,A.01.001348,T134A,K018A,RF-0383-002-PPP,0.01,80.0,LOQ,2011
3493,A5A85B6394B58A00F7E75DA76F35D8C9,CZ,CZ,P1020010A,A.01.001348,T134A,K018A,RF-0373-001-PPP,0.02,80.0,LOQ,2011
3494,A5A85B6394B58A00F7E75DA76F35D8C9,CZ,CZ,P1020010A,A.01.001348,T134A,K018A,RF-0112-001-PPP,0.01,80.0,LOQ,2011
3495,A5A85B6394B58A00F7E75DA76F35D8C9,CZ,CZ,P1020010A,A.01.001348,T134A,K018A,RF-0236-004-PPP,0.001,80.0,LOQ,2011
3496,A5A85B6394B58A00F7E75DA76F35D8C9,CZ,CZ,P1020010A,A.01.001348,T134A,K018A,RF-0290-001-PPP,0.02,80.0,LOQ,2011
3497,9C546FD6EEF9033680D7D88C330AF075,CZ,CZ,P1020010A,A.01.001029,T134A,K018A,RF-0046-001-PPP,0.005,3.8,LOQ,2011
3498,9C546FD6EEF9033680D7D88C330AF075,CZ,CZ,P1020010A,A.01.001029,T134A,K018A,RF-0082-001-PPP,0.03,3.8,LOQ,2011
3499,9C546FD6EEF9033680D7D88C330AF075,CZ,CZ,P1020010A,A.01.001029,T134A,K018A,RF-0087-001-PPP,0.002,3.8,LOQ,2011
3500,9C546FD6EEF9033680D7D88C330AF075,CZ,CZ,P1020010A,A.01.001029,T134A,K018A,RF-0328-003-PPP,0.02,3.8,LOQ,2011
3501,7D4EA8B5FE17551064D6039EF0151826,CZ,CZ,P1020010A,A.01.000953,T134A,K018A,RF-0032-001-PPP,0.01,,LOQ,2011
3502,7D4EA8B5FE17551064D6039EF0151826,CZ,CZ,P1020010A,A.01.000953,T134A,K018A,RF-0263-001-PPP,0.001,,LOQ,2011
3503,7D4EA8B5FE17551064D6039EF0151826,CZ,CZ,P1020010A,A.01.000953,T134A,K018A,RF-0059-001-PPP,0.002,,LOQ,2011
3504,7D4EA8B5FE17551064D6039EF0151826,CZ,CZ,P1020010A,A.01.000953,T134A,K018A,RF-0432-001-PPP,0.01,,LOQ,2011
3505,7D4EA8B5FE17551064D6039EF0151826,CZ,CZ,P1020010A,A.01.000953,T134A,K018A,RF-0119-001-PPP,0.001,,LOQ,2011
3506,66B8D2FAAFE5920952CB40EED71652F9,CZ,CZ,P1020010A,A.01.001040,T134A,K018A,RF-0385-001-PPP,0.01,1.51,LOQ,2011
3507,66B8D2FAAFE5920952CB40EED71652F9,CZ,CZ,P1020010A,A.01.001040,T134A,K018A,RF-0351-001-PPP,0.02,1.51,LOQ,2011
3508,66B8D2FAAFE5920952CB40EED71652F9,CZ,CZ,P1020010A,A.01.001040,T134A,K018A,RF-0088-001-PPP,0.004,1.51,LOQ,2011
3509,66B8D2FAAFE5920952CB40EED71652F9,CZ,CZ,P1020010A,A.01.001040,T134A,K018A,RF-0690-002-PPP,0.005,1.51,LOQ,2011
3510,66B8D2FAAFE5920952CB40EED71652F9,CZ,CZ,P1020010A,A.01.001040,T134A,K018A,RF-0120-001-PPP,0.007,1.51,LOQ,2011
3511,66B8D2FAAFE5920952CB40EED71652F9,CZ,CZ,P1020010A,A.01.001040,T134A,K018A,RF-0383-002-PPP,0.01,1.51,LOQ,2011
3512,66B8D2FAAFE5920952CB40EED71652F9,CZ,CZ,P1020010A,A.01.001040,T134A,K018A,RF-0373-001-PPP,0.02,1.51,LOQ,2011
3513,66B8D2FAAFE5920952CB40EED71652F9,CZ,CZ,P1020010A,A.01.001040,T134A,K018A,RF-0112-001-PPP,0.01,1.51,LOQ,2011
3514,66B8D2FAAFE5920952CB40EED71652F9,CZ,CZ,P1020010A,A.01.001040,T134A,K018A,RF-0236-004-PPP,0.001,1.51,LOQ,2011
3515,66B8D2FAAFE5920952CB40EED71652F9,CZ,CZ,P1020010A,A.01.001040,T134A,K018A,RF-0290-001-PPP,0.02,1.51,LOQ,2011
3516,DCC5A193E0243FC0FCF7D5AC453A56B1,CZ,CZ,P1020010A,A.01.000953,T134A,K018A,RF-0290-001-PPP,0.02,,LOQ,2011
3517,DCC5A193E0243FC0FCF7D5AC453A56B1,CZ,CZ,P1020010A,A.01.000953,T134A,K018A,RF-0373-001-PPP,0.02,,LOQ,2011
3518,DCC5A193E0243FC0FCF7D5AC453A56B1,CZ,CZ,P1020010A,A.01.000953,T134A,K018A,RF-0046-001-PPP,0.005,,LOQ,2011
3519,DCC5A193E0243FC0FCF7D5AC453A56B1,CZ,CZ,P1020010A,A.01.000953,T134A,K018A,RF-0236-004-PPP,0.001,,LOQ,2011
3520,DCC5A193E0243FC0FCF7D5AC453A56B1,CZ,CZ,P1020010A,A.01.000953,T134A,K018A,RF-0087-001-PPP,0.002,,LOQ,2011
3521,E7DA8F12518246A7D5E11AADCD7EFA3A,CZ,CZ,P1020010A,A.01.000953,T134A,K018A,RF-0351-001-PPP,0.02,,LOQ,2011
3522,E7DA8F12518246A7D5E11AADCD7EFA3A,CZ,CZ,P1020010A,A.01.000953,T134A,K018A,RF-0156-001-PPP,0.0002,,LOQ,2011
3523,E7DA8F12518246A7D5E11AADCD7EFA3A,CZ,CZ,P1020010A,A.01.000953,T134A,K018A,RF-0690-002-PPP,0.005,,LOQ,2011
3524,E7DA8F12518246A7D5E11AADCD7EFA3A,CZ,CZ,P1020010A,A.01.000953,T134A,K018A,RF-0385-001-PPP,0.01,,LOQ,2011
3525,391042BF4AEFC3BB133E1B30F22A12E1,CZ,CZ,P1020010A,A.01.001348,T134A,K018A,RF-0406-001-PPP,0.03,82.0,LOQ,2011
3526,E7DA8F12518246A7D5E11AADCD7EFA3A,CZ,CZ,P1020010A,A.01.000953,T134A,K018A,RF-0088-001-PPP,0.004,,LOQ,2011
3527,391042BF4AEFC3BB133E1B30F22A12E1,CZ,CZ,P1020010A,A.01.001348,T134A,K018A,RF-0011-001-PPP,0.005,82.0,LOQ,2011
3528,391042BF4AEFC3BB133E1B30F22A12E1,CZ,CZ,P1020010A,A.01.001348,T134A,K018A,RF-0238-001-PPP,0.002,82.0,LOQ,2011
3529,391042BF4AEFC3BB133E1B30F22A12E1,CZ,CZ,P1020010A,A.01.001348,T134A,K018A,RF-0075-002-PPP,0.001,82.0,LOQ,2011
3530,391042BF4AEFC3BB133E1B30F22A12E1,CZ,CZ,P1020010A,A.01.001348,T134A,K018A,RF-0155-001-PPP,0.001,82.0,LOQ,2011
3531,391042BF4AEFC3BB133E1B30F22A12E1,CZ,CZ,P1020010A,A.01.001348,T134A,K018A,RF-0187-006-PPP,0.01,82.0,LOQ,2011
3532,391042BF4AEFC3BB133E1B30F22A12E1,CZ,CZ,P1020010A,A.01.001348,T134A,K018A,RF-0108-003-PPP,0.005,82.0,LOQ,2011
3533,391042BF4AEFC3BB133E1B30F22A12E1,CZ,CZ,P1020010A,A.01.001348,T134A,K018A,RF-0239-002-PPP,0.002,82.0,LOQ,2011
3534,391042BF4AEFC3BB133E1B30F22A12E1,CZ,CZ,P1020010A,A.01.001348,T134A,K018A,RF-0237-001-PPP,0.011,82.0,VAL,2011
3535,3EB99079B6725C1000987DF2738E6309,CZ,CZ,P1020010A,A.01.001348,T134A,K018A,RF-0327-001-PPP,0.02,82.0,LOQ,2011
3536,A5A85B6394B58A00F7E75DA76F35D8C9,CZ,CZ,P1020010A,A.01.001348,T134A,K018A,RF-0046-001-PPP,0.005,80.0,LOQ,2011
3537,A5A85B6394B58A00F7E75DA76F35D8C9,CZ,CZ,P1020010A,A.01.001348,T134A,K018A,RF-0082-001-PPP,0.03,80.0,LOQ,2011
3538,A5A85B6394B58A00F7E75DA76F35D8C9,CZ,CZ,P1020010A,A.01.001348,T134A,K018A,RF-0087-001-PPP,0.002,80.0,LOQ,2011
3539,A5A85B6394B58A00F7E75DA76F35D8C9,CZ,CZ,P1020010A,A.01.001348,T134A,K018A,RF-0327-001-PPP,0.02,80.0,LOQ,2011
3540,A5A85B6394B58A00F7E75DA76F35D8C9,CZ,CZ,P1020010A,A.01.001348,T134A,K018A,RF-0328-003-PPP,0.02,80.0,LOQ,2011
3541,D08E911491CC32D0C46A8DEF280D1E41,CZ,CZ,P1020010A,A.01.001030,T134A,K018A,RF-0059-001-PPP,0.002,2.7,LOQ,2011
3542,D08E911491CC32D0C46A8DEF280D1E41,CZ,CZ,P1020010A,A.01.001030,T134A,K018A,RF-0032-001-PPP,0.01,2.7,LOQ,2011
3543,D08E911491CC32D0C46A8DEF280D1E41,CZ,CZ,P1020010A,A.01.001030,T134A,K018A,RF-0119-001-PPP,0.019,2.7,VAL,2011
3544,D08E911491CC32D0C46A8DEF280D1E41,CZ,CZ,P1020010A,A.01.001030,T134A,K018A,RF-0263-001-PPP,0.001,2.7,LOQ,2011
3545,D08E911491CC32D0C46A8DEF280D1E41,CZ,CZ,P1020010A,A.01.001030,T134A,K018A,RF-0406-001-PPP,0.03,2.7,LOQ,2011
3546,D08E911491CC32D0C46A8DEF280D1E41,CZ,CZ,P1020010A,A.01.001030,T134A,K018A,RF-0432-001-PPP,0.01,2.7,LOQ,2011
3547,7D4EA8B5FE17551064D6039EF0151826,CZ,CZ,P1020010A,A.01.000953,T134A,K018A,RF-0406-001-PPP,0.03,,LOQ,2011
3548,D08E911491CC32D0C46A8DEF280D1E41,CZ,CZ,P1020010A,A.01.001030,T134A,K018A,RF-0238-001-PPP,0.002,2.7,LOQ,2011
3549,7D4EA8B5FE17551064D6039EF0151826,CZ,CZ,P1020010A,A.01.000953,T134A,K018A,RF-0011-001-PPP,0.005,,LOQ,2011
3550,7D4EA8B5FE17551064D6039EF0151826,CZ,CZ,P1020010A,A.01.000953,T134A,K018A,RF-0238-001-PPP,0.001,,LOQ,2011
3551,7D4EA8B5FE17551064D6039EF0151826,CZ,CZ,P1020010A,A.01.000953,T134A,K018A,RF-0075-002-PPP,0.001,,LOQ,2011
3552,7D4EA8B5FE17551064D6039EF0151826,CZ,CZ,P1020010A,A.01.000953,T134A,K018A,RF-0155-001-PPP,0.001,,LOQ,2011
3553,7D4EA8B5FE17551064D6039EF0151826,CZ,CZ,P1020010A,A.01.000953,T134A,K018A,RF-0187-006-PPP,0.01,,LOQ,2011
3554,7D4EA8B5FE17551064D6039EF0151826,CZ,CZ,P1020010A,A.01.000953,T134A,K018A,RF-0108-003-PPP,0.005,,LOQ,2011
3555,7D4EA8B5FE17551064D6039EF0151826,CZ,CZ,P1020010A,A.01.000953,T134A,K018A,RF-0239-002-PPP,0.001,,LOQ,2011
3556,7D4EA8B5FE17551064D6039EF0151826,CZ,CZ,P1020010A,A.01.000953,T134A,K018A,RF-0237-001-PPP,0.001,,LOQ,2011
3557,7D4EA8B5FE17551064D6039EF0151826,CZ,CZ,P1020010A,A.01.000953,T134A,K018A,RF-0021-003-PPP,0.001,,LOQ,2011
3558,7D4EA8B5FE17551064D6039EF0151826,CZ,CZ,P1020010A,A.01.000953,T134A,K018A,RF-0842-001-PPP,0.01,,LOQ,2011
3559,C260107091A7F225E48DBAA2747F0120,CZ,CZ,P1020010A,A.01.001348,T134A,K018A,RF-0108-003-PPP,0.005,82.0,LOQ,2011
3560,C260107091A7F225E48DBAA2747F0120,CZ,CZ,P1020010A,A.01.001348,T134A,K018A,RF-0075-002-PPP,0.001,82.0,LOQ,2011
3561,DCC5A193E0243FC0FCF7D5AC453A56B1,CZ,CZ,P1020010A,A.01.000953,T134A,K018A,RF-0082-001-PPP,0.03,,LOQ,2011
3562,C260107091A7F225E48DBAA2747F0120,CZ,CZ,P1020010A,A.01.001348,T134A,K018A,RF-0187-006-PPP,0.01,82.0,LOQ,2011
3563,DCC5A193E0243FC0FCF7D5AC453A56B1,CZ,CZ,P1020010A,A.01.000953,T134A,K018A,RF-0327-001-PPP,0.02,,LOQ,2011
3564,DCC5A193E0243FC0FCF7D5AC453A56B1,CZ,CZ,P1020010A,A.01.000953,T134A,K018A,RF-0328-003-PPP,0.02,,LOQ,2011
3565,66B8D2FAAFE5920952CB40EED71652F9,CZ,CZ,P1020010A,A.01.001040,T134A,K018A,RF-0046-001-PPP,0.005,1.51,LOQ,2011
3566,66B8D2FAAFE5920952CB40EED71652F9,CZ,CZ,P1020010A,A.01.001040,T134A,K018A,RF-0082-001-PPP,0.03,1.51,LOQ,2011
3567,66B8D2FAAFE5920952CB40EED71652F9,CZ,CZ,P1020010A,A.01.001040,T134A,K018A,RF-0087-001-PPP,0.002,1.51,LOQ,2011
3568,66B8D2FAAFE5920952CB40EED71652F9,CZ,CZ,P1020010A,A.01.001040,T134A,K018A,RF-0327-001-PPP,0.02,1.51,LOQ,2011
3569,66B8D2FAAFE5920952CB40EED71652F9,CZ,CZ,P1020010A,A.01.001040,T134A,K018A,RF-0328-003-PPP,0.02,1.51,LOQ,2011
3570,E7DA8F12518246A7D5E11AADCD7EFA3A,CZ,CZ,P1020010A,A.01.000953,T134A,K018A,RF-0120-001-PPP,0.005,,LOQ,2011
3571,E7DA8F12518246A7D5E11AADCD7EFA3A,CZ,CZ,P1020010A,A.01.000953,T134A,K018A,RF-0383-002-PPP,0.01,,LOQ,2011
3572,E7DA8F12518246A7D5E11AADCD7EFA3A,CZ,CZ,P1020010A,A.01.000953,T134A,K018A,RF-0373-001-PPP,0.02,,LOQ,2011
3573,E7DA8F12518246A7D5E11AADCD7EFA3A,CZ,CZ,P1020010A,A.01.000953,T134A,K018A,RF-0112-001-PPP,0.005,,LOQ,2011
3574,E7DA8F12518246A7D5E11AADCD7EFA3A,CZ,CZ,P1020010A,A.01.000953,T134A,K018A,RF-0290-001-PPP,0.02,,LOQ,2011
3575,7251367C0D3A0FFF7CE9A1E3FE9C56E3,CZ,CZ,P1020010A,A.01.001053,T134A,K018A,RF-0059-001-PPP,0.002,27.81,LOQ,2011
3576,7251367C0D3A0FFF7CE9A1E3FE9C56E3,CZ,CZ,P1020010A,A.01.001053,T134A,K018A,RF-0032-001-PPP,0.01,27.81,LOQ,2011
3577,7251367C0D3A0FFF7CE9A1E3FE9C56E3,CZ,CZ,P1020010A,A.01.001053,T134A,K018A,RF-0119-001-PPP,0.017,27.81,VAL,2011
3578,7251367C0D3A0FFF7CE9A1E3FE9C56E3,CZ,CZ,P1020010A,A.01.001053,T134A,K018A,RF-0263-001-PPP,0.001,27.81,LOQ,2011
3579,7251367C0D3A0FFF7CE9A1E3FE9C56E3,CZ,CZ,P1020010A,A.01.001053,T134A,K018A,RF-0406-001-PPP,0.03,27.81,LOQ,2011
3580,7251367C0D3A0FFF7CE9A1E3FE9C56E3,CZ,CZ,P1020010A,A.01.001053,T134A,K018A,RF-0432-001-PPP,0.01,27.81,LOQ,2011
3581,7251367C0D3A0FFF7CE9A1E3FE9C56E3,CZ,CZ,P1020010A,A.01.001053,T134A,K018A,RF-0011-001-PPP,0.005,27.81,LOQ,2011
3582,7251367C0D3A0FFF7CE9A1E3FE9C56E3,CZ,CZ,P1020010A,A.01.001053,T134A,K018A,RF-0238-001-PPP,0.002,27.81,LOQ,2011
3583,D08E911491CC32D0C46A8DEF280D1E41,CZ,CZ,P1020010A,A.01.001030,T134A,K018A,RF-0155-001-PPP,0.001,2.7,LOQ,2011
3584,D08E911491CC32D0C46A8DEF280D1E41,CZ,CZ,P1020010A,A.01.001030,T134A,K018A,RF-0011-001-PPP,0.005,2.7,LOQ,2011
3585,D08E911491CC32D0C46A8DEF280D1E41,CZ,CZ,P1020010A,A.01.001030,T134A,K018A,RF-0108-003-PPP,0.005,2.7,LOQ,2011
3586,D08E911491CC32D0C46A8DEF280D1E41,CZ,CZ,P1020010A,A.01.001030,T134A,K018A,RF-0075-002-PPP,0.001,2.7,LOQ,2011
3587,D08E911491CC32D0C46A8DEF280D1E41,CZ,CZ,P1020010A,A.01.001030,T134A,K018A,RF-0237-001-PPP,0.015,2.7,VAL,2011
3588,D08E911491CC32D0C46A8DEF280D1E41,CZ,CZ,P1020010A,A.01.001030,T134A,K018A,RF-0187-006-PPP,0.01,2.7,LOQ,2011
3589,D08E911491CC32D0C46A8DEF280D1E41,CZ,CZ,P1020010A,A.01.001030,T134A,K018A,RF-0842-001-PPP,0.01,2.7,LOQ,2011
3590,D08E911491CC32D0C46A8DEF280D1E41,CZ,CZ,P1020010A,A.01.001030,T134A,K018A,RF-0239-002-PPP,0.002,2.7,LOQ,2011
3591,D08E911491CC32D0C46A8DEF280D1E41,CZ,CZ,P1020010A,A.01.001030,T134A,K018A,RF-0348-001-PPP,0.003,2.7,LOQ,2011
3592,D08E911491CC32D0C46A8DEF280D1E41,CZ,CZ,P1020010A,A.01.001030,T134A,K018A,RF-0021-003-PPP,0.001,2.7,LOQ,2011
3593,D08E911491CC32D0C46A8DEF280D1E41,CZ,CZ,P1020010A,A.01.001030,T134A,K018A,RF-0123-001-PPP,0.003,2.7,LOQ,2011
3594,D08E911491CC32D0C46A8DEF280D1E41,CZ,CZ,P1020010A,A.01.001030,T134A,K018A,RF-0295-001-PPP,0.01,2.7,LOQ,2011
3595,D08E911491CC32D0C46A8DEF280D1E41,CZ,CZ,P1020010A,A.01.001030,T134A,K018A,RF-0351-001-PPP,0.02,2.7,LOQ,2011
3596,D08E911491CC32D0C46A8DEF280D1E41,CZ,CZ,P1020010A,A.01.001030,T134A,K018A,RF-0156-001-PPP,0.001,2.7,LOQ,2011
3597,C260107091A7F225E48DBAA2747F0120,CZ,CZ,P1020010A,A.01.001348,T134A,K018A,RF-0239-002-PPP,0.002,82.0,LOQ,2011
3598,C260107091A7F225E48DBAA2747F0120,CZ,CZ,P1020010A,A.01.001348,T134A,K018A,RF-0237-001-PPP,0.01,82.0,VAL,2011
3599,C260107091A7F225E48DBAA2747F0120,CZ,CZ,P1020010A,A.01.001348,T134A,K018A,RF-0021-003-PPP,0.001,82.0,LOQ,2011
3600,C260107091A7F225E48DBAA2747F0120,CZ,CZ,P1020010A,A.01.001348,T134A,K018A,RF-0842-001-PPP,0.01,82.0,LOQ,2011
3601,C260107091A7F225E48DBAA2747F0120,CZ,CZ,P1020010A,A.01.001348,T134A,K018A,RF-0295-001-PPP,0.01,82.0,LOQ,2011
3602,C260107091A7F225E48DBAA2747F0120,CZ,CZ,P1020010A,A.01.001348,T134A,K018A,RF-0348-001-PPP,0.003,82.0,LOQ,2011
3603,9C546FD6EEF9033680D7D88C330AF075,CZ,CZ,P1020010A,A.01.001029,T134A,K018A,RF-0327-001-PPP,0.02,3.8,LOQ,2011
3604,E9EDB81EBB05E5E9A05B9124EDD3A3DB,CZ,CZ,P1020010A,A.01.000953,T134A,K018A,RF-0075-002-PPP,0.001,,LOQ,2011
3605,E9EDB81EBB05E5E9A05B9124EDD3A3DB,CZ,CZ,P1020010A,A.01.000953,T134A,K018A,RF-0187-006-PPP,0.01,,LOQ,2011
3606,E9EDB81EBB05E5E9A05B9124EDD3A3DB,CZ,CZ,P1020010A,A.01.000953,T134A,K018A,RF-0108-003-PPP,0.005,,LOQ,2011
3607,E9EDB81EBB05E5E9A05B9124EDD3A3DB,CZ,CZ,P1020010A,A.01.000953,T134A,K018A,RF-0239-002-PPP,0.001,,LOQ,2011
3608,E9EDB81EBB05E5E9A05B9124EDD3A3DB,CZ,CZ,P1020010A,A.01.000953,T134A,K018A,RF-0237-001-PPP,0.001,,LOQ,2011
3609,E9EDB81EBB05E5E9A05B9124EDD3A3DB,CZ,CZ,P1020010A,A.01.000953,T134A,K018A,RF-0021-003-PPP,0.001,,LOQ,2011
3610,E9EDB81EBB05E5E9A05B9124EDD3A3DB,CZ,CZ,P1020010A,A.01.000953,T134A,K018A,RF-0842-001-PPP,0.01,,LOQ,2011
3611,E9EDB81EBB05E5E9A05B9124EDD3A3DB,CZ,CZ,P1020010A,A.01.000953,T134A,K018A,RF-0295-001-PPP,0.01,,LOQ,2011
3612,E9EDB81EBB05E5E9A05B9124EDD3A3DB,CZ,CZ,P1020010A,A.01.000953,T134A,K018A,RF-0348-001-PPP,0.003,,LOQ,2011
3613,E9EDB81EBB05E5E9A05B9124EDD3A3DB,CZ,CZ,P1020010A,A.01.000953,T134A,K018A,RF-0156-001-PPP,0.0002,,LOQ,2011
3614,E9EDB81EBB05E5E9A05B9124EDD3A3DB,CZ,CZ,P1020010A,A.01.000953,T134A,K018A,RF-0123-001-PPP,0.003,,LOQ,2011
3615,E9EDB81EBB05E5E9A05B9124EDD3A3DB,CZ,CZ,P1020010A,A.01.000953,T134A,K018A,RF-0385-001-PPP,0.01,,LOQ,2011
3616,E9EDB81EBB05E5E9A05B9124EDD3A3DB,CZ,CZ,P1020010A,A.01.000953,T134A,K018A,RF-0351-001-PPP,0.02,,LOQ,2011
3617,E7DA8F12518246A7D5E11AADCD7EFA3A,CZ,CZ,P1020010A,A.01.000953,T134A,K018A,RF-0236-004-PPP,0.001,,LOQ,2011
3618,E7DA8F12518246A7D5E11AADCD7EFA3A,CZ,CZ,P1020010A,A.01.000953,T134A,K018A,RF-0087-001-PPP,0.002,,LOQ,2011
3619,E7DA8F12518246A7D5E11AADCD7EFA3A,CZ,CZ,P1020010A,A.01.000953,T134A,K018A,RF-0046-001-PPP,0.005,,LOQ,2011
3620,E7DA8F12518246A7D5E11AADCD7EFA3A,CZ,CZ,P1020010A,A.01.000953,T134A,K018A,RF-0328-003-PPP,0.02,,LOQ,2011
3621,E7DA8F12518246A7D5E11AADCD7EFA3A,CZ,CZ,P1020010A,A.01.000953,T134A,K018A,RF-0082-001-PPP,0.03,,LOQ,2011
3622,391042BF4AEFC3BB133E1B30F22A12E1,CZ,CZ,P1020010A,A.01.001348,T134A,K018A,RF-0021-003-PPP,0.001,82.0,LOQ,2011
3623,391042BF4AEFC3BB133E1B30F22A12E1,CZ,CZ,P1020010A,A.01.001348,T134A,K018A,RF-0842-001-PPP,0.01,82.0,LOQ,2011
3624,391042BF4AEFC3BB133E1B30F22A12E1,CZ,CZ,P1020010A,A.01.001348,T134A,K018A,RF-0295-001-PPP,0.01,82.0,LOQ,2011
3625,391042BF4AEFC3BB133E1B30F22A12E1,CZ,CZ,P1020010A,A.01.001348,T134A,K018A,RF-0348-001-PPP,0.003,82.0,LOQ,2011
3626,391042BF4AEFC3BB133E1B30F22A12E1,CZ,CZ,P1020010A,A.01.001348,T134A,K018A,RF-0156-001-PPP,0.001,82.0,LOQ,2011
3627,391042BF4AEFC3BB133E1B30F22A12E1,CZ,CZ,P1020010A,A.01.001348,T134A,K018A,RF-0123-001-PPP,0.003,82.0,LOQ,2011
3628,391042BF4AEFC3BB133E1B30F22A12E1,CZ,CZ,P1020010A,A.01.001348,T134A,K018A,RF-0385-001-PPP,0.01,82.0,LOQ,2011
3629,391042BF4AEFC3BB133E1B30F22A12E1,CZ,CZ,P1020010A,A.01.001348,T134A,K018A,RF-0351-001-PPP,0.02,82.0,LOQ,2011
3630,391042BF4AEFC3BB133E1B30F22A12E1,CZ,CZ,P1020010A,A.01.001348,T134A,K018A,RF-0690-002-PPP,0.005,82.0,LOQ,2011
3631,7251367C0D3A0FFF7CE9A1E3FE9C56E3,CZ,CZ,P1020010A,A.01.001053,T134A,K018A,RF-0075-002-PPP,0.001,27.81,LOQ,2011
3632,7251367C0D3A0FFF7CE9A1E3FE9C56E3,CZ,CZ,P1020010A,A.01.001053,T134A,K018A,RF-0155-001-PPP,0.001,27.81,LOQ,2011
3633,7251367C0D3A0FFF7CE9A1E3FE9C56E3,CZ,CZ,P1020010A,A.01.001053,T134A,K018A,RF-0187-006-PPP,0.01,27.81,LOQ,2011
3634,7251367C0D3A0FFF7CE9A1E3FE9C56E3,CZ,CZ,P1020010A,A.01.001053,T134A,K018A,RF-0108-003-PPP,0.005,27.81,LOQ,2011
3635,7251367C0D3A0FFF7CE9A1E3FE9C56E3,CZ,CZ,P1020010A,A.01.001053,T134A,K018A,RF-0239-002-PPP,0.002,27.81,LOQ,2011
3636,7251367C0D3A0FFF7CE9A1E3FE9C56E3,CZ,CZ,P1020010A,A.01.001053,T134A,K018A,RF-0237-001-PPP,0.011,27.81,VAL,2011
3637,7251367C0D3A0FFF7CE9A1E3FE9C56E3,CZ,CZ,P1020010A,A.01.001053,T134A,K018A,RF-0021-003-PPP,0.001,27.81,LOQ,2011
3638,7251367C0D3A0FFF7CE9A1E3FE9C56E3,CZ,CZ,P1020010A,A.01.001053,T134A,K018A,RF-0842-001-PPP,0.01,27.81,LOQ,2011
3639,7251367C0D3A0FFF7CE9A1E3FE9C56E3,CZ,CZ,P1020010A,A.01.001053,T134A,K018A,RF-0295-001-PPP,0.01,27.81,LOQ,2011
3640,7251367C0D3A0FFF7CE9A1E3FE9C56E3,CZ,CZ,P1020010A,A.01.001053,T134A,K018A,RF-0348-001-PPP,0.003,27.81,LOQ,2011
3641,7251367C0D3A0FFF7CE9A1E3FE9C56E3,CZ,CZ,P1020010A,A.01.001053,T134A,K018A,RF-0156-001-PPP,0.001,27.81,LOQ,2011
3642,7251367C0D3A0FFF7CE9A1E3FE9C56E3,CZ,CZ,P1020010A,A.01.001053,T134A,K018A,RF-0123-001-PPP,0.003,27.81,LOQ,2011
3643,7251367C0D3A0FFF7CE9A1E3FE9C56E3,CZ,CZ,P1020010A,A.01.001053,T134A,K018A,RF-0385-001-PPP,0.01,27.81,LOQ,2011
3644,7251367C0D3A0FFF7CE9A1E3FE9C56E3,CZ,CZ,P1020010A,A.01.001053,T134A,K018A,RF-0351-001-PPP,0.02,27.81,LOQ,2011
3645,7251367C0D3A0FFF7CE9A1E3FE9C56E3,CZ,CZ,P1020010A,A.01.001053,T134A,K018A,RF-0690-002-PPP,0.005,27.81,LOQ,2011
3646,C260107091A7F225E48DBAA2747F0120,CZ,CZ,P1020010A,A.01.001348,T134A,K018A,RF-0123-001-PPP,0.003,82.0,LOQ,2011
3647,C260107091A7F225E48DBAA2747F0120,CZ,CZ,P1020010A,A.01.001348,T134A,K018A,RF-0351-001-PPP,0.02,82.0,LOQ,2011
3648,C260107091A7F225E48DBAA2747F0120,CZ,CZ,P1020010A,A.01.001348,T134A,K018A,RF-0156-001-PPP,0.001,82.0,LOQ,2011
3649,C260107091A7F225E48DBAA2747F0120,CZ,CZ,P1020010A,A.01.001348,T134A,K018A,RF-0690-002-PPP,0.005,82.0,LOQ,2011
3650,C260107091A7F225E48DBAA2747F0120,CZ,CZ,P1020010A,A.01.001348,T134A,K018A,RF-0385-001-PPP,0.01,82.0,LOQ,2011
3651,C260107091A7F225E48DBAA2747F0120,CZ,CZ,P1020010A,A.01.001348,T134A,K018A,RF-0383-002-PPP,0.01,82.0,LOQ,2011
3652,C260107091A7F225E48DBAA2747F0120,CZ,CZ,P1020010A,A.01.001348,T134A,K018A,RF-0088-001-PPP,0.004,82.0,LOQ,2011
3653,C260107091A7F225E48DBAA2747F0120,CZ,CZ,P1020010A,A.01.001348,T134A,K018A,RF-0112-001-PPP,0.01,82.0,LOQ,2011
3654,C260107091A7F225E48DBAA2747F0120,CZ,CZ,P1020010A,A.01.001348,T134A,K018A,RF-0120-001-PPP,0.007,82.0,LOQ,2011
3655,7D4EA8B5FE17551064D6039EF0151826,CZ,CZ,P1020010A,A.01.000953,T134A,K018A,RF-0295-001-PPP,0.01,,LOQ,2011
3656,7D4EA8B5FE17551064D6039EF0151826,CZ,CZ,P1020010A,A.01.000953,T134A,K018A,RF-0348-001-PPP,0.003,,LOQ,2011
3657,7D4EA8B5FE17551064D6039EF0151826,CZ,CZ,P1020010A,A.01.000953,T134A,K018A,RF-0156-001-PPP,0.0002,,LOQ,2011
3658,7D4EA8B5FE17551064D6039EF0151826,CZ,CZ,P1020010A,A.01.000953,T134A,K018A,RF-0123-001-PPP,0.003,,LOQ,2011
3659,E9EDB81EBB05E5E9A05B9124EDD3A3DB,CZ,CZ,P1020010A,A.01.000953,T134A,K018A,RF-0088-001-PPP,0.004,,LOQ,2011
3660,E9EDB81EBB05E5E9A05B9124EDD3A3DB,CZ,CZ,P1020010A,A.01.000953,T134A,K018A,RF-0690-002-PPP,0.005,,LOQ,2011
3661,E9EDB81EBB05E5E9A05B9124EDD3A3DB,CZ,CZ,P1020010A,A.01.000953,T134A,K018A,RF-0120-001-PPP,0.005,,LOQ,2011
3662,E9EDB81EBB05E5E9A05B9124EDD3A3DB,CZ,CZ,P1020010A,A.01.000953,T134A,K018A,RF-0383-002-PPP,0.01,,LOQ,2011
3663,E9EDB81EBB05E5E9A05B9124EDD3A3DB,CZ,CZ,P1020010A,A.01.000953,T134A,K018A,RF-0373-001-PPP,0.02,,LOQ,2011
3664,E9EDB81EBB05E5E9A05B9124EDD3A3DB,CZ,CZ,P1020010A,A.01.000953,T134A,K018A,RF-0112-001-PPP,0.005,,LOQ,2011
3665,E9EDB81EBB05E5E9A05B9124EDD3A3DB,CZ,CZ,P1020010A,A.01.000953,T134A,K018A,RF-0290-001-PPP,0.02,,LOQ,2011
3666,E7DA8F12518246A7D5E11AADCD7EFA3A,CZ,CZ,P1020010A,A.01.000953,T134A,K018A,RF-0327-001-PPP,0.02,,LOQ,2011
3667,7251367C0D3A0FFF7CE9A1E3FE9C56E3,CZ,CZ,P1020010A,A.01.001053,T134A,K018A,RF-0383-002-PPP,0.01,27.81,LOQ,2011
3668,7251367C0D3A0FFF7CE9A1E3FE9C56E3,CZ,CZ,P1020010A,A.01.001053,T134A,K018A,RF-0088-001-PPP,0.004,27.81,LOQ,2011
3669,7251367C0D3A0FFF7CE9A1E3FE9C56E3,CZ,CZ,P1020010A,A.01.001053,T134A,K018A,RF-0112-001-PPP,0.01,27.81,LOQ,2011
3670,7251367C0D3A0FFF7CE9A1E3FE9C56E3,CZ,CZ,P1020010A,A.01.001053,T134A,K018A,RF-0120-001-PPP,0.007,27.81,LOQ,2011
3671,7251367C0D3A0FFF7CE9A1E3FE9C56E3,CZ,CZ,P1020010A,A.01.001053,T134A,K018A,RF-0290-001-PPP,0.02,27.81,LOQ,2011
3672,7251367C0D3A0FFF7CE9A1E3FE9C56E3,CZ,CZ,P1020010A,A.01.001053,T134A,K018A,RF-0373-001-PPP,0.02,27.81,LOQ,2011
3673,7251367C0D3A0FFF7CE9A1E3FE9C56E3,CZ,CZ,P1020010A,A.01.001053,T134A,K018A,RF-0046-001-PPP,0.005,27.81,LOQ,2011
3674,7251367C0D3A0FFF7CE9A1E3FE9C56E3,CZ,CZ,P1020010A,A.01.001053,T134A,K018A,RF-0236-004-PPP,0.001,27.81,LOQ,2011
3675,7251367C0D3A0FFF7CE9A1E3FE9C56E3,CZ,CZ,P1020010A,A.01.001053,T134A,K018A,RF-0082-001-PPP,0.03,27.81,LOQ,2011
3676,7251367C0D3A0FFF7CE9A1E3FE9C56E3,CZ,CZ,P1020010A,A.01.001053,T134A,K018A,RF-0087-001-PPP,0.002,27.81,LOQ,2011
3677,7251367C0D3A0FFF7CE9A1E3FE9C56E3,CZ,CZ,P1020010A,A.01.001053,T134A,K018A,RF-0327-001-PPP,0.02,27.81,LOQ,2011
3678,7251367C0D3A0FFF7CE9A1E3FE9C56E3,CZ,CZ,P1020010A,A.01.001053,T134A,K018A,RF-0328-003-PPP,0.02,27.81,LOQ,2011
3679,64A9488887F4AA66F8362E4EF1A4CF7A,CZ,CZ,P1020010A,A.01.001348,T134A,K018A,RF-0059-001-PPP,0.002,82.0,LOQ,2011
3680,64A9488887F4AA66F8362E4EF1A4CF7A,CZ,CZ,P1020010A,A.01.001348,T134A,K018A,RF-0032-001-PPP,0.01,82.0,LOQ,2011
3681,64A9488887F4AA66F8362E4EF1A4CF7A,CZ,CZ,P1020010A,A.01.001348,T134A,K018A,RF-0263-001-PPP,0.001,82.0,LOQ,2011
3682,7D4EA8B5FE17551064D6039EF0151826,CZ,CZ,P1020010A,A.01.000953,T134A,K018A,RF-0385-001-PPP,0.01,,LOQ,2011
3683,7D4EA8B5FE17551064D6039EF0151826,CZ,CZ,P1020010A,A.01.000953,T134A,K018A,RF-0351-001-PPP,0.02,,LOQ,2011
3684,7D4EA8B5FE17551064D6039EF0151826,CZ,CZ,P1020010A,A.01.000953,T134A,K018A,RF-0088-001-PPP,0.004,,LOQ,2011
3685,7D4EA8B5FE17551064D6039EF0151826,CZ,CZ,P1020010A,A.01.000953,T134A,K018A,RF-0690-002-PPP,0.005,,LOQ,2011
3686,7D4EA8B5FE17551064D6039EF0151826,CZ,CZ,P1020010A,A.01.000953,T134A,K018A,RF-0120-001-PPP,0.005,,LOQ,2011
3687,7D4EA8B5FE17551064D6039EF0151826,CZ,CZ,P1020010A,A.01.000953,T134A,K018A,RF-0383-002-PPP,0.01,,LOQ,2011
3688,7D4EA8B5FE17551064D6039EF0151826,CZ,CZ,P1020010A,A.01.000953,T134A,K018A,RF-0373-001-PPP,0.02,,LOQ,2011
3689,7D4EA8B5FE17551064D6039EF0151826,CZ,CZ,P1020010A,A.01.000953,T134A,K018A,RF-0112-001-PPP,0.005,,LOQ,2011
3690,7D4EA8B5FE17551064D6039EF0151826,CZ,CZ,P1020010A,A.01.000953,T134A,K018A,RF-0236-004-PPP,0.001,,LOQ,2011
3691,7D4EA8B5FE17551064D6039EF0151826,CZ,CZ,P1020010A,A.01.000953,T134A,K018A,RF-0290-001-PPP,0.02,,LOQ,2011
3692,7D4EA8B5FE17551064D6039EF0151826,CZ,CZ,P1020010A,A.01.000953,T134A,K018A,RF-0087-001-PPP,0.002,,LOQ,2011
3693,7D4EA8B5FE17551064D6039EF0151826,CZ,CZ,P1020010A,A.01.000953,T134A,K018A,RF-0046-001-PPP,0.005,,LOQ,2011
3694,7D4EA8B5FE17551064D6039EF0151826,CZ,CZ,P1020010A,A.01.000953,T134A,K018A,RF-0328-003-PPP,0.02,,LOQ,2011
3695,7D4EA8B5FE17551064D6039EF0151826,CZ,CZ,P1020010A,A.01.000953,T134A,K018A,RF-0082-001-PPP,0.03,,LOQ,2011
3696,391042BF4AEFC3BB133E1B30F22A12E1,CZ,CZ,P1020010A,A.01.001348,T134A,K018A,RF-0088-001-PPP,0.004,82.0,LOQ,2011
3697,391042BF4AEFC3BB133E1B30F22A12E1,CZ,CZ,P1020010A,A.01.001348,T134A,K018A,RF-0120-001-PPP,0.007,82.0,LOQ,2011
3698,391042BF4AEFC3BB133E1B30F22A12E1,CZ,CZ,P1020010A,A.01.001348,T134A,K018A,RF-0383-002-PPP,0.01,82.0,LOQ,2011
3699,391042BF4AEFC3BB133E1B30F22A12E1,CZ,CZ,P1020010A,A.01.001348,T134A,K018A,RF-0373-001-PPP,0.02,82.0,LOQ,2011
3700,391042BF4AEFC3BB133E1B30F22A12E1,CZ,CZ,P1020010A,A.01.001348,T134A,K018A,RF-0112-001-PPP,0.01,82.0,LOQ,2011
3701,391042BF4AEFC3BB133E1B30F22A12E1,CZ,CZ,P1020010A,A.01.001348,T134A,K018A,RF-0236-004-PPP,0.001,82.0,LOQ,2011
3702,391042BF4AEFC3BB133E1B30F22A12E1,CZ,CZ,P1020010A,A.01.001348,T134A,K018A,RF-0290-001-PPP,0.02,82.0,LOQ,2011
3703,391042BF4AEFC3BB133E1B30F22A12E1,CZ,CZ,P1020010A,A.01.001348,T134A,K018A,RF-0046-001-PPP,0.005,82.0,LOQ,2011
3704,64A9488887F4AA66F8362E4EF1A4CF7A,CZ,CZ,P1020010A,A.01.001348,T134A,K018A,RF-0119-001-PPP,0.017,82.0,VAL,2011
3705,64A9488887F4AA66F8362E4EF1A4CF7A,CZ,CZ,P1020010A,A.01.001348,T134A,K018A,RF-0406-001-PPP,0.03,82.0,LOQ,2011
3706,64A9488887F4AA66F8362E4EF1A4CF7A,CZ,CZ,P1020010A,A.01.001348,T134A,K018A,RF-0432-001-PPP,0.01,82.0,LOQ,2011
3707,64A9488887F4AA66F8362E4EF1A4CF7A,CZ,CZ,P1020010A,A.01.001348,T134A,K018A,RF-0011-001-PPP,0.005,82.0,LOQ,2011
3708,64A9488887F4AA66F8362E4EF1A4CF7A,CZ,CZ,P1020010A,A.01.001348,T134A,K018A,RF-0238-001-PPP,0.002,82.0,LOQ,2011
3709,64A9488887F4AA66F8362E4EF1A4CF7A,CZ,CZ,P1020010A,A.01.001348,T134A,K018A,RF-0075-002-PPP,0.001,82.0,LOQ,2011
3710,64A9488887F4AA66F8362E4EF1A4CF7A,CZ,CZ,P1020010A,A.01.001348,T134A,K018A,RF-0155-001-PPP,0.001,82.0,LOQ,2011
3711,64A9488887F4AA66F8362E4EF1A4CF7A,CZ,CZ,P1020010A,A.01.001348,T134A,K018A,RF-0187-006-PPP,0.01,82.0,LOQ,2011
3712,64A9488887F4AA66F8362E4EF1A4CF7A,CZ,CZ,P1020010A,A.01.001348,T134A,K018A,RF-0108-003-PPP,0.005,82.0,LOQ,2011
3713,64A9488887F4AA66F8362E4EF1A4CF7A,CZ,CZ,P1020010A,A.01.001348,T134A,K018A,RF-0239-002-PPP,0.002,82.0,LOQ,2011
3714,64A9488887F4AA66F8362E4EF1A4CF7A,CZ,CZ,P1020010A,A.01.001348,T134A,K018A,RF-0237-001-PPP,0.009,82.0,VAL,2011
3715,64A9488887F4AA66F8362E4EF1A4CF7A,CZ,CZ,P1020010A,A.01.001348,T134A,K018A,RF-0021-003-PPP,0.001,82.0,LOQ,2011
3716,64A9488887F4AA66F8362E4EF1A4CF7A,CZ,CZ,P1020010A,A.01.001348,T134A,K018A,RF-0842-001-PPP,0.01,82.0,LOQ,2011
3717,64A9488887F4AA66F8362E4EF1A4CF7A,CZ,CZ,P1020010A,A.01.001348,T134A,K018A,RF-0295-001-PPP,0.01,82.0,LOQ,2011
3718,64A9488887F4AA66F8362E4EF1A4CF7A,CZ,CZ,P1020010A,A.01.001348,T134A,K018A,RF-0348-001-PPP,0.003,82.0,LOQ,2011
3719,D08E911491CC32D0C46A8DEF280D1E41,CZ,CZ,P1020010A,A.01.001030,T134A,K018A,RF-0690-002-PPP,0.005,2.7,LOQ,2011
3720,D08E911491CC32D0C46A8DEF280D1E41,CZ,CZ,P1020010A,A.01.001030,T134A,K018A,RF-0385-001-PPP,0.01,2.7,LOQ,2011
3721,7D4EA8B5FE17551064D6039EF0151826,CZ,CZ,P1020010A,A.01.000953,T134A,K018A,RF-0327-001-PPP,0.02,,LOQ,2011
3722,D08E911491CC32D0C46A8DEF280D1E41,CZ,CZ,P1020010A,A.01.001030,T134A,K018A,RF-0088-001-PPP,0.004,2.7,LOQ,2011
3723,C260107091A7F225E48DBAA2747F0120,CZ,CZ,P1020010A,A.01.001348,T134A,K018A,RF-0373-001-PPP,0.02,82.0,LOQ,2011
3724,C260107091A7F225E48DBAA2747F0120,CZ,CZ,P1020010A,A.01.001348,T134A,K018A,RF-0236-004-PPP,0.001,82.0,LOQ,2011
3725,C260107091A7F225E48DBAA2747F0120,CZ,CZ,P1020010A,A.01.001348,T134A,K018A,RF-0290-001-PPP,0.02,82.0,LOQ,2011
3726,C260107091A7F225E48DBAA2747F0120,CZ,CZ,P1020010A,A.01.001348,T134A,K018A,RF-0087-001-PPP,0.002,82.0,LOQ,2011
3727,C260107091A7F225E48DBAA2747F0120,CZ,CZ,P1020010A,A.01.001348,T134A,K018A,RF-0046-001-PPP,0.005,82.0,LOQ,2011
3728,C260107091A7F225E48DBAA2747F0120,CZ,CZ,P1020010A,A.01.001348,T134A,K018A,RF-0328-003-PPP,0.02,82.0,LOQ,2011
3729,C260107091A7F225E48DBAA2747F0120,CZ,CZ,P1020010A,A.01.001348,T134A,K018A,RF-0082-001-PPP,0.03,82.0,LOQ,2011
3730,C260107091A7F225E48DBAA2747F0120,CZ,CZ,P1020010A,A.01.001348,T134A,K018A,RF-0327-001-PPP,0.02,82.0,LOQ,2011
3731,391042BF4AEFC3BB133E1B30F22A12E1,CZ,CZ,P1020010A,A.01.001348,T134A,K018A,RF-0087-001-PPP,0.002,82.0,LOQ,2011
3732,391042BF4AEFC3BB133E1B30F22A12E1,CZ,CZ,P1020010A,A.01.001348,T134A,K018A,RF-0328-003-PPP,0.02,82.0,LOQ,2011
3733,391042BF4AEFC3BB133E1B30F22A12E1,CZ,CZ,P1020010A,A.01.001348,T134A,K018A,RF-0082-001-PPP,0.03,82.0,LOQ,2011
3734,391042BF4AEFC3BB133E1B30F22A12E1,CZ,CZ,P1020010A,A.01.001348,T134A,K018A,RF-0327-001-PPP,0.02,82.0,LOQ,2011
3735,64A9488887F4AA66F8362E4EF1A4CF7A,CZ,CZ,P1020010A,A.01.001348,T134A,K018A,RF-0123-001-PPP,0.003,82.0,LOQ,2011
3736,64A9488887F4AA66F8362E4EF1A4CF7A,CZ,CZ,P1020010A,A.01.001348,T134A,K018A,RF-0351-001-PPP,0.02,82.0,LOQ,2011
3737,64A9488887F4AA66F8362E4EF1A4CF7A,CZ,CZ,P1020010A,A.01.001348,T134A,K018A,RF-0156-001-PPP,0.001,82.0,LOQ,2011
3738,64A9488887F4AA66F8362E4EF1A4CF7A,CZ,CZ,P1020010A,A.01.001348,T134A,K018A,RF-0385-001-PPP,0.01,82.0,LOQ,2011
3739,64A9488887F4AA66F8362E4EF1A4CF7A,CZ,CZ,P1020010A,A.01.001348,T134A,K018A,RF-0088-001-PPP,0.004,82.0,LOQ,2011
3740,64A9488887F4AA66F8362E4EF1A4CF7A,CZ,CZ,P1020010A,A.01.001348,T134A,K018A,RF-0690-002-PPP,0.005,82.0,LOQ,2011
3741,64A9488887F4AA66F8362E4EF1A4CF7A,CZ,CZ,P1020010A,A.01.001348,T134A,K018A,RF-0120-001-PPP,0.007,82.0,LOQ,2011
3742,64A9488887F4AA66F8362E4EF1A4CF7A,CZ,CZ,P1020010A,A.01.001348,T134A,K018A,RF-0383-002-PPP,0.01,82.0,LOQ,2011
3743,64A9488887F4AA66F8362E4EF1A4CF7A,CZ,CZ,P1020010A,A.01.001348,T134A,K018A,RF-0373-001-PPP,0.02,82.0,LOQ,2011
3744,64A9488887F4AA66F8362E4EF1A4CF7A,CZ,CZ,P1020010A,A.01.001348,T134A,K018A,RF-0112-001-PPP,0.01,82.0,LOQ,2011
3745,64A9488887F4AA66F8362E4EF1A4CF7A,CZ,CZ,P1020010A,A.01.001348,T134A,K018A,RF-0236-004-PPP,0.001,82.0,LOQ,2011
3746,64A9488887F4AA66F8362E4EF1A4CF7A,CZ,CZ,P1020010A,A.01.001348,T134A,K018A,RF-0290-001-PPP,0.02,82.0,LOQ,2011
3747,64A9488887F4AA66F8362E4EF1A4CF7A,CZ,CZ,P1020010A,A.01.001348,T134A,K018A,RF-0087-001-PPP,0.002,82.0,LOQ,2011
3748,64A9488887F4AA66F8362E4EF1A4CF7A,CZ,CZ,P1020010A,A.01.001348,T134A,K018A,RF-0046-001-PPP,0.005,82.0,LOQ,2011
3749,64A9488887F4AA66F8362E4EF1A4CF7A,CZ,CZ,P1020010A,A.01.001348,T134A,K018A,RF-0082-001-PPP,0.03,82.0,LOQ,2011
3750,D08E911491CC32D0C46A8DEF280D1E41,CZ,CZ,P1020010A,A.01.001030,T134A,K018A,RF-0120-001-PPP,0.007,2.7,LOQ,2011
3751,D08E911491CC32D0C46A8DEF280D1E41,CZ,CZ,P1020010A,A.01.001030,T134A,K018A,RF-0383-002-PPP,0.01,2.7,LOQ,2011
3752,D08E911491CC32D0C46A8DEF280D1E41,CZ,CZ,P1020010A,A.01.001030,T134A,K018A,RF-0373-001-PPP,0.02,2.7,LOQ,2011
3753,D08E911491CC32D0C46A8DEF280D1E41,CZ,CZ,P1020010A,A.01.001030,T134A,K018A,RF-0112-001-PPP,0.01,2.7,LOQ,2011
3754,D08E911491CC32D0C46A8DEF280D1E41,CZ,CZ,P1020010A,A.01.001030,T134A,K018A,RF-0236-004-PPP,0.001,2.7,LOQ,2011
3755,D08E911491CC32D0C46A8DEF280D1E41,CZ,CZ,P1020010A,A.01.001030,T134A,K018A,RF-0290-001-PPP,0.02,2.7,LOQ,2011
3756,D08E911491CC32D0C46A8DEF280D1E41,CZ,CZ,P1020010A,A.01.001030,T134A,K018A,RF-0087-001-PPP,0.002,2.7,LOQ,2011
3757,D08E911491CC32D0C46A8DEF280D1E41,CZ,CZ,P1020010A,A.01.001030,T134A,K018A,RF-0046-001-PPP,0.005,2.7,LOQ,2011
3758,D08E911491CC32D0C46A8DEF280D1E41,CZ,CZ,P1020010A,A.01.001030,T134A,K018A,RF-0328-003-PPP,0.02,2.7,LOQ,2011
3759,D08E911491CC32D0C46A8DEF280D1E41,CZ,CZ,P1020010A,A.01.001030,T134A,K018A,RF-0082-001-PPP,0.03,2.7,LOQ,2011
3760,D08E911491CC32D0C46A8DEF280D1E41,CZ,CZ,P1020010A,A.01.001030,T134A,K018A,RF-0327-001-PPP,0.02,2.7,LOQ,2011
3761,D2E780B198C7D6A84A10780D1E28E822,CZ,CZ,P1020010A,A.01.000953,T134A,K018A,RF-0032-001-PPP,0.01,,LOQ,2011
3762,D2E780B198C7D6A84A10780D1E28E822,CZ,CZ,P1020010A,A.01.000953,T134A,K018A,RF-0059-001-PPP,0.002,,LOQ,2011
3763,64A9488887F4AA66F8362E4EF1A4CF7A,CZ,CZ,P1020010A,A.01.001348,T134A,K018A,RF-0328-003-PPP,0.02,82.0,LOQ,2011
3764,64A9488887F4AA66F8362E4EF1A4CF7A,CZ,CZ,P1020010A,A.01.001348,T134A,K018A,RF-0327-001-PPP,0.02,82.0,LOQ,2011
3765,6353212A78964A370C828385D0E6AE29,CZ,CZ,P1020010A,A.01.001054,T134A,K018A,RF-0059-001-PPP,0.002,13.53,LOQ,2011
3766,6353212A78964A370C828385D0E6AE29,CZ,CZ,P1020010A,A.01.001054,T134A,K018A,RF-0032-001-PPP,0.01,13.53,LOQ,2011
3767,6353212A78964A370C828385D0E6AE29,CZ,CZ,P1020010A,A.01.001054,T134A,K018A,RF-0119-001-PPP,0.016,13.53,VAL,2011
3768,6353212A78964A370C828385D0E6AE29,CZ,CZ,P1020010A,A.01.001054,T134A,K018A,RF-0263-001-PPP,0.001,13.53,LOQ,2011
3769,6353212A78964A370C828385D0E6AE29,CZ,CZ,P1020010A,A.01.001054,T134A,K018A,RF-0406-001-PPP,0.03,13.53,LOQ,2011
3770,6353212A78964A370C828385D0E6AE29,CZ,CZ,P1020010A,A.01.001054,T134A,K018A,RF-0432-001-PPP,0.01,13.53,LOQ,2011
3771,6353212A78964A370C828385D0E6AE29,CZ,CZ,P1020010A,A.01.001054,T134A,K018A,RF-0011-001-PPP,0.005,13.53,LOQ,2011
3772,6353212A78964A370C828385D0E6AE29,CZ,CZ,P1020010A,A.01.001054,T134A,K018A,RF-0238-001-PPP,0.002,13.53,LOQ,2011
3773,6353212A78964A370C828385D0E6AE29,CZ,CZ,P1020010A,A.01.001054,T134A,K018A,RF-0075-002-PPP,0.001,13.53,LOQ,2011
3774,6353212A78964A370C828385D0E6AE29,CZ,CZ,P1020010A,A.01.001054,T134A,K018A,RF-0155-001-PPP,0.001,13.53,LOQ,2011
3775,6353212A78964A370C828385D0E6AE29,CZ,CZ,P1020010A,A.01.001054,T134A,K018A,RF-0187-006-PPP,0.01,13.53,LOQ,2011
3776,6353212A78964A370C828385D0E6AE29,CZ,CZ,P1020010A,A.01.001054,T134A,K018A,RF-0108-003-PPP,0.005,13.53,LOQ,2011
3777,6353212A78964A370C828385D0E6AE29,CZ,CZ,P1020010A,A.01.001054,T134A,K018A,RF-0237-001-PPP,0.01,13.53,VAL,2011
3778,E9EDB81EBB05E5E9A05B9124EDD3A3DB,CZ,CZ,P1020010A,A.01.000953,T134A,K018A,RF-0236-004-PPP,0.001,,LOQ,2011
3779,E9EDB81EBB05E5E9A05B9124EDD3A3DB,CZ,CZ,P1020010A,A.01.000953,T134A,K018A,RF-0087-001-PPP,0.002,,LOQ,2011
3780,E9EDB81EBB05E5E9A05B9124EDD3A3DB,CZ,CZ,P1020010A,A.01.000953,T134A,K018A,RF-0046-001-PPP,0.005,,LOQ,2011
3781,E9EDB81EBB05E5E9A05B9124EDD3A3DB,CZ,CZ,P1020010A,A.01.000953,T134A,K018A,RF-0328-003-PPP,0.02,,LOQ,2011
3782,E9EDB81EBB05E5E9A05B9124EDD3A3DB,CZ,CZ,P1020010A,A.01.000953,T134A,K018A,RF-0082-001-PPP,0.03,,LOQ,2011
3783,E9EDB81EBB05E5E9A05B9124EDD3A3DB,CZ,CZ,P1020010A,A.01.000953,T134A,K018A,RF-0327-001-PPP,0.02,,LOQ,2011
3784,6353212A78964A370C828385D0E6AE29,CZ,CZ,P1020010A,A.01.001054,T134A,K018A,RF-0842-001-PPP,0.01,13.53,LOQ,2011
3785,6353212A78964A370C828385D0E6AE29,CZ,CZ,P1020010A,A.01.001054,T134A,K018A,RF-0239-002-PPP,0.002,13.53,LOQ,2011
3786,6353212A78964A370C828385D0E6AE29,CZ,CZ,P1020010A,A.01.001054,T134A,K018A,RF-0348-001-PPP,0.003,13.53,LOQ,2011
3787,6353212A78964A370C828385D0E6AE29,CZ,CZ,P1020010A,A.01.001054,T134A,K018A,RF-0021-003-PPP,0.001,13.53,LOQ,2011
3788,6353212A78964A370C828385D0E6AE29,CZ,CZ,P1020010A,A.01.001054,T134A,K018A,RF-0123-001-PPP,0.003,13.53,LOQ,2011
3789,6353212A78964A370C828385D0E6AE29,CZ,CZ,P1020010A,A.01.001054,T134A,K018A,RF-0295-001-PPP,0.01,13.53,LOQ,2011
3790,6353212A78964A370C828385D0E6AE29,CZ,CZ,P1020010A,A.01.001054,T134A,K018A,RF-0351-001-PPP,0.02,13.53,LOQ,2011
3791,6353212A78964A370C828385D0E6AE29,CZ,CZ,P1020010A,A.01.001054,T134A,K018A,RF-0156-001-PPP,0.001,13.53,LOQ,2011
3792,D2E780B198C7D6A84A10780D1E28E822,CZ,CZ,P1020010A,A.01.000953,T134A,K018A,RF-0263-001-PPP,0.001,,LOQ,2011
3793,D2E780B198C7D6A84A10780D1E28E822,CZ,CZ,P1020010A,A.01.000953,T134A,K018A,RF-0432-001-PPP,0.01,,LOQ,2011
3794,D2E780B198C7D6A84A10780D1E28E822,CZ,CZ,P1020010A,A.01.000953,T134A,K018A,RF-0119-001-PPP,0.001,,LOQ,2011
3795,D2E780B198C7D6A84A10780D1E28E822,CZ,CZ,P1020010A,A.01.000953,T134A,K018A,RF-0238-001-PPP,0.001,,LOQ,2011
3796,D2E780B198C7D6A84A10780D1E28E822,CZ,CZ,P1020010A,A.01.000953,T134A,K018A,RF-0406-001-PPP,0.03,,LOQ,2011
3797,D2E780B198C7D6A84A10780D1E28E822,CZ,CZ,P1020010A,A.01.000953,T134A,K018A,RF-0155-001-PPP,0.001,,LOQ,2011
3798,D2E780B198C7D6A84A10780D1E28E822,CZ,CZ,P1020010A,A.01.000953,T134A,K018A,RF-0011-001-PPP,0.005,,LOQ,2011
3799,6353212A78964A370C828385D0E6AE29,CZ,CZ,P1020010A,A.01.001054,T134A,K018A,RF-0690-002-PPP,0.005,13.53,LOQ,2011
3800,6353212A78964A370C828385D0E6AE29,CZ,CZ,P1020010A,A.01.001054,T134A,K018A,RF-0385-001-PPP,0.01,13.53,LOQ,2011
3801,6353212A78964A370C828385D0E6AE29,CZ,CZ,P1020010A,A.01.001054,T134A,K018A,RF-0383-002-PPP,0.01,13.53,LOQ,2011
3802,6353212A78964A370C828385D0E6AE29,CZ,CZ,P1020010A,A.01.001054,T134A,K018A,RF-0088-001-PPP,0.004,13.53,LOQ,2011
3803,6353212A78964A370C828385D0E6AE29,CZ,CZ,P1020010A,A.01.001054,T134A,K018A,RF-0112-001-PPP,0.01,13.53,LOQ,2011
3804,6353212A78964A370C828385D0E6AE29,CZ,CZ,P1020010A,A.01.001054,T134A,K018A,RF-0120-001-PPP,0.007,13.53,LOQ,2011
3805,6353212A78964A370C828385D0E6AE29,CZ,CZ,P1020010A,A.01.001054,T134A,K018A,RF-0290-001-PPP,0.02,13.53,LOQ,2011
3806,6353212A78964A370C828385D0E6AE29,CZ,CZ,P1020010A,A.01.001054,T134A,K018A,RF-0373-001-PPP,0.02,13.53,LOQ,2011
3807,6353212A78964A370C828385D0E6AE29,CZ,CZ,P1020010A,A.01.001054,T134A,K018A,RF-0046-001-PPP,0.005,13.53,LOQ,2011
3808,6353212A78964A370C828385D0E6AE29,CZ,CZ,P1020010A,A.01.001054,T134A,K018A,RF-0236-004-PPP,0.001,13.53,LOQ,2011
3809,DCC5A193E0243FC0FCF7D5AC453A56B1,CZ,CZ,P1020010A,A.01.000953,T134A,K018A,RF-0032-001-PPP,0.01,,LOQ,2011
3810,DCC5A193E0243FC0FCF7D5AC453A56B1,CZ,CZ,P1020010A,A.01.000953,T134A,K018A,RF-0263-001-PPP,0.001,,LOQ,2011
3811,DCC5A193E0243FC0FCF7D5AC453A56B1,CZ,CZ,P1020010A,A.01.000953,T134A,K018A,RF-0059-001-PPP,0.002,,LOQ,2011
3812,DCC5A193E0243FC0FCF7D5AC453A56B1,CZ,CZ,P1020010A,A.01.000953,T134A,K018A,RF-0432-001-PPP,0.01,,LOQ,2011
3813,DCC5A193E0243FC0FCF7D5AC453A56B1,CZ,CZ,P1020010A,A.01.000953,T134A,K018A,RF-0119-001-PPP,0.001,,LOQ,2011
3814,DCC5A193E0243FC0FCF7D5AC453A56B1,CZ,CZ,P1020010A,A.01.000953,T134A,K018A,RF-0238-001-PPP,0.001,,LOQ,2011
3815,DCC5A193E0243FC0FCF7D5AC453A56B1,CZ,CZ,P1020010A,A.01.000953,T134A,K018A,RF-0406-001-PPP,0.03,,LOQ,2011
3816,D2E780B198C7D6A84A10780D1E28E822,CZ,CZ,P1020010A,A.01.000953,T134A,K018A,RF-0108-003-PPP,0.005,,LOQ,2011
3817,D2E780B198C7D6A84A10780D1E28E822,CZ,CZ,P1020010A,A.01.000953,T134A,K018A,RF-0075-002-PPP,0.001,,LOQ,2011
3818,D2E780B198C7D6A84A10780D1E28E822,CZ,CZ,P1020010A,A.01.000953,T134A,K018A,RF-0237-001-PPP,0.001,,LOQ,2011
3819,D2E780B198C7D6A84A10780D1E28E822,CZ,CZ,P1020010A,A.01.000953,T134A,K018A,RF-0187-006-PPP,0.01,,LOQ,2011
3820,D2E780B198C7D6A84A10780D1E28E822,CZ,CZ,P1020010A,A.01.000953,T134A,K018A,RF-0842-001-PPP,0.01,,LOQ,2011
3821,D2E780B198C7D6A84A10780D1E28E822,CZ,CZ,P1020010A,A.01.000953,T134A,K018A,RF-0239-002-PPP,0.001,,LOQ,2011
3822,D2E780B198C7D6A84A10780D1E28E822,CZ,CZ,P1020010A,A.01.000953,T134A,K018A,RF-0348-001-PPP,0.003,,LOQ,2011
3823,D2E780B198C7D6A84A10780D1E28E822,CZ,CZ,P1020010A,A.01.000953,T134A,K018A,RF-0021-003-PPP,0.001,,LOQ,2011
3824,D2E780B198C7D6A84A10780D1E28E822,CZ,CZ,P1020010A,A.01.000953,T134A,K018A,RF-0123-001-PPP,0.003,,LOQ,2011
3825,D2E780B198C7D6A84A10780D1E28E822,CZ,CZ,P1020010A,A.01.000953,T134A,K018A,RF-0295-001-PPP,0.01,,LOQ,2011
3826,D2E780B198C7D6A84A10780D1E28E822,CZ,CZ,P1020010A,A.01.000953,T134A,K018A,RF-0156-001-PPP,0.0002,,LOQ,2011
3827,6353212A78964A370C828385D0E6AE29,CZ,CZ,P1020010A,A.01.001054,T134A,K018A,RF-0087-001-PPP,0.002,13.53,LOQ,2011
3828,6353212A78964A370C828385D0E6AE29,CZ,CZ,P1020010A,A.01.001054,T134A,K018A,RF-0328-003-PPP,0.02,13.53,LOQ,2011
3829,6353212A78964A370C828385D0E6AE29,CZ,CZ,P1020010A,A.01.001054,T134A,K018A,RF-0082-001-PPP,0.03,13.53,LOQ,2011
3830,9C546FD6EEF9033680D7D88C330AF075,CZ,CZ,P1020010A,A.01.001029,T134A,K018A,RF-0032-001-PPP,0.01,3.8,LOQ,2011
3831,6353212A78964A370C828385D0E6AE29,CZ,CZ,P1020010A,A.01.001054,T134A,K018A,RF-0327-001-PPP,0.02,13.53,LOQ,2011
3832,9C546FD6EEF9033680D7D88C330AF075,CZ,CZ,P1020010A,A.01.001029,T134A,K018A,RF-0263-001-PPP,0.001,3.8,LOQ,2011
3833,9C546FD6EEF9033680D7D88C330AF075,CZ,CZ,P1020010A,A.01.001029,T134A,K018A,RF-0059-001-PPP,0.002,3.8,LOQ,2011
3834,9C546FD6EEF9033680D7D88C330AF075,CZ,CZ,P1020010A,A.01.001029,T134A,K018A,RF-0119-001-PPP,0.023,3.8,VAL,2011
3835,3EB99079B6725C1000987DF2738E6309,CZ,CZ,P1020010A,A.01.001348,T134A,K018A,RF-0032-001-PPP,0.01,82.0,LOQ,2011
3836,3EB99079B6725C1000987DF2738E6309,CZ,CZ,P1020010A,A.01.001348,T134A,K018A,RF-0263-001-PPP,0.001,82.0,LOQ,2011
3837,3EB99079B6725C1000987DF2738E6309,CZ,CZ,P1020010A,A.01.001348,T134A,K018A,RF-0059-001-PPP,0.002,82.0,LOQ,2011
3838,3EB99079B6725C1000987DF2738E6309,CZ,CZ,P1020010A,A.01.001348,T134A,K018A,RF-0432-001-PPP,0.01,82.0,LOQ,2011
3839,3EB99079B6725C1000987DF2738E6309,CZ,CZ,P1020010A,A.01.001348,T134A,K018A,RF-0119-001-PPP,0.018,82.0,VAL,2011
3840,3EB99079B6725C1000987DF2738E6309,CZ,CZ,P1020010A,A.01.001348,T134A,K018A,RF-0406-001-PPP,0.03,82.0,LOQ,2011
3841,9C546FD6EEF9033680D7D88C330AF075,CZ,CZ,P1020010A,A.01.001029,T134A,K018A,RF-0406-001-PPP,0.03,3.8,LOQ,2011
3842,9C546FD6EEF9033680D7D88C330AF075,CZ,CZ,P1020010A,A.01.001029,T134A,K018A,RF-0432-001-PPP,0.01,3.8,LOQ,2011
3843,9C546FD6EEF9033680D7D88C330AF075,CZ,CZ,P1020010A,A.01.001029,T134A,K018A,RF-0011-001-PPP,0.005,3.8,LOQ,2011
3844,9C546FD6EEF9033680D7D88C330AF075,CZ,CZ,P1020010A,A.01.001029,T134A,K018A,RF-0238-001-PPP,0.002,3.8,LOQ,2011
3845,9C546FD6EEF9033680D7D88C330AF075,CZ,CZ,P1020010A,A.01.001029,T134A,K018A,RF-0075-002-PPP,0.001,3.8,LOQ,2011
3846,9C546FD6EEF9033680D7D88C330AF075,CZ,CZ,P1020010A,A.01.001029,T134A,K018A,RF-0155-001-PPP,0.001,3.8,LOQ,2011
3847,9C546FD6EEF9033680D7D88C330AF075,CZ,CZ,P1020010A,A.01.001029,T134A,K018A,RF-0187-006-PPP,0.01,3.8,LOQ,2011
3848,9C546FD6EEF9033680D7D88C330AF075,CZ,CZ,P1020010A,A.01.001029,T134A,K018A,RF-0108-003-PPP,0.005,3.8,LOQ,2011
3849,9C546FD6EEF9033680D7D88C330AF075,CZ,CZ,P1020010A,A.01.001029,T134A,K018A,RF-0239-002-PPP,0.002,3.8,LOQ,2011
3850,9C546FD6EEF9033680D7D88C330AF075,CZ,CZ,P1020010A,A.01.001029,T134A,K018A,RF-0237-001-PPP,0.012,3.8,VAL,2011
3851,9C546FD6EEF9033680D7D88C330AF075,CZ,CZ,P1020010A,A.01.001029,T134A,K018A,RF-0842-001-PPP,0.01,3.8,LOQ,2011
3852,66B8D2FAAFE5920952CB40EED71652F9,CZ,CZ,P1020010A,A.01.001040,T134A,K018A,RF-0059-001-PPP,0.002,1.51,LOQ,2011
3853,66B8D2FAAFE5920952CB40EED71652F9,CZ,CZ,P1020010A,A.01.001040,T134A,K018A,RF-0032-001-PPP,0.01,1.51,LOQ,2011
3854,66B8D2FAAFE5920952CB40EED71652F9,CZ,CZ,P1020010A,A.01.001040,T134A,K018A,RF-0263-001-PPP,0.001,1.51,LOQ,2011
3855,D2E780B198C7D6A84A10780D1E28E822,CZ,CZ,P1020010A,A.01.000953,T134A,K018A,RF-0351-001-PPP,0.02,,LOQ,2011
3856,D2E780B198C7D6A84A10780D1E28E822,CZ,CZ,P1020010A,A.01.000953,T134A,K018A,RF-0690-002-PPP,0.005,,LOQ,2011
3857,D2E780B198C7D6A84A10780D1E28E822,CZ,CZ,P1020010A,A.01.000953,T134A,K018A,RF-0385-001-PPP,0.01,,LOQ,2011
3858,D2E780B198C7D6A84A10780D1E28E822,CZ,CZ,P1020010A,A.01.000953,T134A,K018A,RF-0383-002-PPP,0.01,,LOQ,2011
3859,D2E780B198C7D6A84A10780D1E28E822,CZ,CZ,P1020010A,A.01.000953,T134A,K018A,RF-0088-001-PPP,0.004,,LOQ,2011
3860,D2E780B198C7D6A84A10780D1E28E822,CZ,CZ,P1020010A,A.01.000953,T134A,K018A,RF-0112-001-PPP,0.005,,LOQ,2011
3861,D2E780B198C7D6A84A10780D1E28E822,CZ,CZ,P1020010A,A.01.000953,T134A,K018A,RF-0120-001-PPP,0.005,,LOQ,2011
3862,D2E780B198C7D6A84A10780D1E28E822,CZ,CZ,P1020010A,A.01.000953,T134A,K018A,RF-0290-001-PPP,0.02,,LOQ,2011
3863,D2E780B198C7D6A84A10780D1E28E822,CZ,CZ,P1020010A,A.01.000953,T134A,K018A,RF-0373-001-PPP,0.02,,LOQ,2011
3864,E7DA8F12518246A7D5E11AADCD7EFA3A,CZ,CZ,P1020010A,A.01.000953,T134A,K018A,RF-0032-001-PPP,0.01,,LOQ,2011
3865,E7DA8F12518246A7D5E11AADCD7EFA3A,CZ,CZ,P1020010A,A.01.000953,T134A,K018A,RF-0263-001-PPP,0.001,,LOQ,2011
3866,E7DA8F12518246A7D5E11AADCD7EFA3A,CZ,CZ,P1020010A,A.01.000953,T134A,K018A,RF-0059-001-PPP,0.002,,LOQ,2011
3867,E7DA8F12518246A7D5E11AADCD7EFA3A,CZ,CZ,P1020010A,A.01.000953,T134A,K018A,RF-0119-001-PPP,0.001,,LOQ,2011
3868,3EB99079B6725C1000987DF2738E6309,CZ,CZ,P1020010A,A.01.001348,T134A,K018A,RF-0238-001-PPP,0.002,82.0,LOQ,2011
3869,3EB99079B6725C1000987DF2738E6309,CZ,CZ,P1020010A,A.01.001348,T134A,K018A,RF-0155-001-PPP,0.001,82.0,LOQ,2011
3870,3EB99079B6725C1000987DF2738E6309,CZ,CZ,P1020010A,A.01.001348,T134A,K018A,RF-0011-001-PPP,0.005,82.0,LOQ,2011
3871,3EB99079B6725C1000987DF2738E6309,CZ,CZ,P1020010A,A.01.001348,T134A,K018A,RF-0108-003-PPP,0.005,82.0,LOQ,2011
3872,3EB99079B6725C1000987DF2738E6309,CZ,CZ,P1020010A,A.01.001348,T134A,K018A,RF-0075-002-PPP,0.001,82.0,LOQ,2011
3873,3EB99079B6725C1000987DF2738E6309,CZ,CZ,P1020010A,A.01.001348,T134A,K018A,RF-0187-006-PPP,0.01,82.0,LOQ,2011
3874,66B8D2FAAFE5920952CB40EED71652F9,CZ,CZ,P1020010A,A.01.001040,T134A,K018A,RF-0119-001-PPP,0.026,1.51,VAL,2011
3875,66B8D2FAAFE5920952CB40EED71652F9,CZ,CZ,P1020010A,A.01.001040,T134A,K018A,RF-0406-001-PPP,0.03,1.51,LOQ,2011
3876,66B8D2FAAFE5920952CB40EED71652F9,CZ,CZ,P1020010A,A.01.001040,T134A,K018A,RF-0432-001-PPP,0.01,1.51,LOQ,2011
3877,66B8D2FAAFE5920952CB40EED71652F9,CZ,CZ,P1020010A,A.01.001040,T134A,K018A,RF-0011-001-PPP,0.005,1.51,LOQ,2011
3878,66B8D2FAAFE5920952CB40EED71652F9,CZ,CZ,P1020010A,A.01.001040,T134A,K018A,RF-0238-001-PPP,0.002,1.51,LOQ,2011
3879,66B8D2FAAFE5920952CB40EED71652F9,CZ,CZ,P1020010A,A.01.001040,T134A,K018A,RF-0075-002-PPP,0.001,1.51,LOQ,2011
3880,66B8D2FAAFE5920952CB40EED71652F9,CZ,CZ,P1020010A,A.01.001040,T134A,K018A,RF-0155-001-PPP,0.001,1.51,LOQ,2011
3881,DCC5A193E0243FC0FCF7D5AC453A56B1,CZ,CZ,P1020010A,A.01.000953,T134A,K018A,RF-0155-001-PPP,0.001,,LOQ,2011
3882,DCC5A193E0243FC0FCF7D5AC453A56B1,CZ,CZ,P1020010A,A.01.000953,T134A,K018A,RF-0011-001-PPP,0.005,,LOQ,2011
3883,DCC5A193E0243FC0FCF7D5AC453A56B1,CZ,CZ,P1020010A,A.01.000953,T134A,K018A,RF-0108-003-PPP,0.005,,LOQ,2011
3884,DCC5A193E0243FC0FCF7D5AC453A56B1,CZ,CZ,P1020010A,A.01.000953,T134A,K018A,RF-0075-002-PPP,0.001,,LOQ,2011
3885,DCC5A193E0243FC0FCF7D5AC453A56B1,CZ,CZ,P1020010A,A.01.000953,T134A,K018A,RF-0237-001-PPP,0.001,,LOQ,2011
3886,DCC5A193E0243FC0FCF7D5AC453A56B1,CZ,CZ,P1020010A,A.01.000953,T134A,K018A,RF-0187-006-PPP,0.01,,LOQ,2011
3887,DCC5A193E0243FC0FCF7D5AC453A56B1,CZ,CZ,P1020010A,A.01.000953,T134A,K018A,RF-0239-002-PPP,0.001,,LOQ,2011
3888,D2E780B198C7D6A84A10780D1E28E822,CZ,CZ,P1020010A,A.01.000953,T134A,K018A,RF-0046-001-PPP,0.005,,LOQ,2011
3889,D2E780B198C7D6A84A10780D1E28E822,CZ,CZ,P1020010A,A.01.000953,T134A,K018A,RF-0236-004-PPP,0.001,,LOQ,2011
3890,D2E780B198C7D6A84A10780D1E28E822,CZ,CZ,P1020010A,A.01.000953,T134A,K018A,RF-0082-001-PPP,0.03,,LOQ,2011
3891,D2E780B198C7D6A84A10780D1E28E822,CZ,CZ,P1020010A,A.01.000953,T134A,K018A,RF-0087-001-PPP,0.002,,LOQ,2011
3892,3EB99079B6725C1000987DF2738E6309,CZ,CZ,P1020010A,A.01.001348,T134A,K018A,RF-0239-002-PPP,0.002,82.0,LOQ,2011
3893,3EB99079B6725C1000987DF2738E6309,CZ,CZ,P1020010A,A.01.001348,T134A,K018A,RF-0237-001-PPP,0.011,82.0,VAL,2011
3894,3EB99079B6725C1000987DF2738E6309,CZ,CZ,P1020010A,A.01.001348,T134A,K018A,RF-0021-003-PPP,0.001,82.0,LOQ,2011
3895,3EB99079B6725C1000987DF2738E6309,CZ,CZ,P1020010A,A.01.001348,T134A,K018A,RF-0842-001-PPP,0.01,82.0,LOQ,2011
3896,9C546FD6EEF9033680D7D88C330AF075,CZ,CZ,P1020010A,A.01.001029,T134A,K018A,RF-0021-003-PPP,0.001,3.8,LOQ,2011
3897,9C546FD6EEF9033680D7D88C330AF075,CZ,CZ,P1020010A,A.01.001029,T134A,K018A,RF-0295-001-PPP,0.01,3.8,LOQ,2011
3898,9C546FD6EEF9033680D7D88C330AF075,CZ,CZ,P1020010A,A.01.001029,T134A,K018A,RF-0348-001-PPP,0.003,3.8,LOQ,2011
3899,9C546FD6EEF9033680D7D88C330AF075,CZ,CZ,P1020010A,A.01.001029,T134A,K018A,RF-0156-001-PPP,0.001,3.8,LOQ,2011
3900,9C546FD6EEF9033680D7D88C330AF075,CZ,CZ,P1020010A,A.01.001029,T134A,K018A,RF-0123-001-PPP,0.003,3.8,LOQ,2011
3901,9C546FD6EEF9033680D7D88C330AF075,CZ,CZ,P1020010A,A.01.001029,T134A,K018A,RF-0385-001-PPP,0.01,3.8,LOQ,2011
3902,9C546FD6EEF9033680D7D88C330AF075,CZ,CZ,P1020010A,A.01.001029,T134A,K018A,RF-0351-001-PPP,0.02,3.8,LOQ,2011
3903,9C546FD6EEF9033680D7D88C330AF075,CZ,CZ,P1020010A,A.01.001029,T134A,K018A,RF-0088-001-PPP,0.004,3.8,LOQ,2011
3904,9C546FD6EEF9033680D7D88C330AF075,CZ,CZ,P1020010A,A.01.001029,T134A,K018A,RF-0690-002-PPP,0.005,3.8,LOQ,2011
3905,9C546FD6EEF9033680D7D88C330AF075,CZ,CZ,P1020010A,A.01.001029,T134A,K018A,RF-0383-002-PPP,0.01,3.8,LOQ,2011
3906,DCC5A193E0243FC0FCF7D5AC453A56B1,CZ,CZ,P1020010A,A.01.000953,T134A,K018A,RF-0021-003-PPP,0.001,,LOQ,2011
3907,DCC5A193E0243FC0FCF7D5AC453A56B1,CZ,CZ,P1020010A,A.01.000953,T134A,K018A,RF-0842-001-PPP,0.01,,LOQ,2011
3908,DCC5A193E0243FC0FCF7D5AC453A56B1,CZ,CZ,P1020010A,A.01.000953,T134A,K018A,RF-0348-001-PPP,0.003,,LOQ,2011
3909,DCC5A193E0243FC0FCF7D5AC453A56B1,CZ,CZ,P1020010A,A.01.000953,T134A,K018A,RF-0295-001-PPP,0.01,,LOQ,2011
3910,DCC5A193E0243FC0FCF7D5AC453A56B1,CZ,CZ,P1020010A,A.01.000953,T134A,K018A,RF-0123-001-PPP,0.003,,LOQ,2011
3911,D2E780B198C7D6A84A10780D1E28E822,CZ,CZ,P1020010A,A.01.000953,T134A,K018A,RF-0327-001-PPP,0.02,,LOQ,2011
3912,D2E780B198C7D6A84A10780D1E28E822,CZ,CZ,P1020010A,A.01.000953,T134A,K018A,RF-0328-003-PPP,0.02,,LOQ,2011
3913,E7DA8F12518246A7D5E11AADCD7EFA3A,CZ,CZ,P1020010A,A.01.000953,T134A,K018A,RF-0432-001-PPP,0.01,,LOQ,2011
3914,E7DA8F12518246A7D5E11AADCD7EFA3A,CZ,CZ,P1020010A,A.01.000953,T134A,K018A,RF-0238-001-PPP,0.001,,LOQ,2011
3915,E7DA8F12518246A7D5E11AADCD7EFA3A,CZ,CZ,P1020010A,A.01.000953,T134A,K018A,RF-0406-001-PPP,0.03,,LOQ,2011
3916,E7DA8F12518246A7D5E11AADCD7EFA3A,CZ,CZ,P1020010A,A.01.000953,T134A,K018A,RF-0155-001-PPP,0.001,,LOQ,2011
3917,E7DA8F12518246A7D5E11AADCD7EFA3A,CZ,CZ,P1020010A,A.01.000953,T134A,K018A,RF-0011-001-PPP,0.005,,LOQ,2011
3918,E7DA8F12518246A7D5E11AADCD7EFA3A,CZ,CZ,P1020010A,A.01.000953,T134A,K018A,RF-0108-003-PPP,0.005,,LOQ,2011
3919,E7DA8F12518246A7D5E11AADCD7EFA3A,CZ,CZ,P1020010A,A.01.000953,T134A,K018A,RF-0075-002-PPP,0.001,,LOQ,2011
3920,3EB99079B6725C1000987DF2738E6309,CZ,CZ,P1020010A,A.01.001348,T134A,K018A,RF-0295-001-PPP,0.01,82.0,LOQ,2011
3921,3EB99079B6725C1000987DF2738E6309,CZ,CZ,P1020010A,A.01.001348,T134A,K018A,RF-0348-001-PPP,0.003,82.0,LOQ,2011
3922,3EB99079B6725C1000987DF2738E6309,CZ,CZ,P1020010A,A.01.001348,T134A,K018A,RF-0156-001-PPP,0.001,82.0,LOQ,2011
3923,3EB99079B6725C1000987DF2738E6309,CZ,CZ,P1020010A,A.01.001348,T134A,K018A,RF-0123-001-PPP,0.003,82.0,LOQ,2011
3924,3EB99079B6725C1000987DF2738E6309,CZ,CZ,P1020010A,A.01.001348,T134A,K018A,RF-0385-001-PPP,0.01,82.0,LOQ,2011
3925,3EB99079B6725C1000987DF2738E6309,CZ,CZ,P1020010A,A.01.001348,T134A,K018A,RF-0351-001-PPP,0.02,82.0,LOQ,2011
3926,3EB99079B6725C1000987DF2738E6309,CZ,CZ,P1020010A,A.01.001348,T134A,K018A,RF-0690-002-PPP,0.005,82.0,LOQ,2011
3927,C260107091A7F225E48DBAA2747F0120,CZ,CZ,P1020010A,A.01.001348,T134A,K018A,RF-0032-001-PPP,0.01,82.0,LOQ,2011
3928,C260107091A7F225E48DBAA2747F0120,CZ,CZ,P1020010A,A.01.001348,T134A,K018A,RF-0263-001-PPP,0.001,82.0,LOQ,2011
3929,C260107091A7F225E48DBAA2747F0120,CZ,CZ,P1020010A,A.01.001348,T134A,K018A,RF-0059-001-PPP,0.002,82.0,LOQ,2011
3930,C260107091A7F225E48DBAA2747F0120,CZ,CZ,P1020010A,A.01.001348,T134A,K018A,RF-0432-001-PPP,0.01,82.0,LOQ,2011
3931,C260107091A7F225E48DBAA2747F0120,CZ,CZ,P1020010A,A.01.001348,T134A,K018A,RF-0119-001-PPP,0.019,82.0,VAL,2011
3932,C260107091A7F225E48DBAA2747F0120,CZ,CZ,P1020010A,A.01.001348,T134A,K018A,RF-0238-001-PPP,0.002,82.0,LOQ,2011
3933,C260107091A7F225E48DBAA2747F0120,CZ,CZ,P1020010A,A.01.001348,T134A,K018A,RF-0406-001-PPP,0.03,82.0,LOQ,2011
3934,C260107091A7F225E48DBAA2747F0120,CZ,CZ,P1020010A,A.01.001348,T134A,K018A,RF-0155-001-PPP,0.001,82.0,LOQ,2011
3935,C260107091A7F225E48DBAA2747F0120,CZ,CZ,P1020010A,A.01.001348,T134A,K018A,RF-0011-001-PPP,0.005,82.0,LOQ,2011
3936,DCC5A193E0243FC0FCF7D5AC453A56B1,CZ,CZ,P1020010A,A.01.000953,T134A,K018A,RF-0351-001-PPP,0.02,,LOQ,2011
3937,DCC5A193E0243FC0FCF7D5AC453A56B1,CZ,CZ,P1020010A,A.01.000953,T134A,K018A,RF-0156-001-PPP,0.0002,,LOQ,2011
3938,DCC5A193E0243FC0FCF7D5AC453A56B1,CZ,CZ,P1020010A,A.01.000953,T134A,K018A,RF-0690-002-PPP,0.005,,LOQ,2011
3939,DCC5A193E0243FC0FCF7D5AC453A56B1,CZ,CZ,P1020010A,A.01.000953,T134A,K018A,RF-0385-001-PPP,0.01,,LOQ,2011
3940,DCC5A193E0243FC0FCF7D5AC453A56B1,CZ,CZ,P1020010A,A.01.000953,T134A,K018A,RF-0383-002-PPP,0.01,,LOQ,2011
3941,DCC5A193E0243FC0FCF7D5AC453A56B1,CZ,CZ,P1020010A,A.01.000953,T134A,K018A,RF-0088-001-PPP,0.004,,LOQ,2011
3942,DCC5A193E0243FC0FCF7D5AC453A56B1,CZ,CZ,P1020010A,A.01.000953,T134A,K018A,RF-0112-001-PPP,0.005,,LOQ,2011
3943,DCC5A193E0243FC0FCF7D5AC453A56B1,CZ,CZ,P1020010A,A.01.000953,T134A,K018A,RF-0120-001-PPP,0.005,,LOQ,2011
3944,66B8D2FAAFE5920952CB40EED71652F9,CZ,CZ,P1020010A,A.01.001040,T134A,K018A,RF-0187-006-PPP,0.01,1.51,LOQ,2011
3945,66B8D2FAAFE5920952CB40EED71652F9,CZ,CZ,P1020010A,A.01.001040,T134A,K018A,RF-0108-003-PPP,0.005,1.51,LOQ,2011
3946,66B8D2FAAFE5920952CB40EED71652F9,CZ,CZ,P1020010A,A.01.001040,T134A,K018A,RF-0239-002-PPP,0.002,1.51,LOQ,2011
3947,66B8D2FAAFE5920952CB40EED71652F9,CZ,CZ,P1020010A,A.01.001040,T134A,K018A,RF-0237-001-PPP,0.018,1.51,VAL,2011
3948,66B8D2FAAFE5920952CB40EED71652F9,CZ,CZ,P1020010A,A.01.001040,T134A,K018A,RF-0021-003-PPP,0.001,1.51,LOQ,2011
3949,66B8D2FAAFE5920952CB40EED71652F9,CZ,CZ,P1020010A,A.01.001040,T134A,K018A,RF-0842-001-PPP,0.01,1.51,LOQ,2011
3950,E7DA8F12518246A7D5E11AADCD7EFA3A,CZ,CZ,P1020010A,A.01.000953,T134A,K018A,RF-0237-001-PPP,0.001,,LOQ,2011
3951,E7DA8F12518246A7D5E11AADCD7EFA3A,CZ,CZ,P1020010A,A.01.000953,T134A,K018A,RF-0187-006-PPP,0.01,,LOQ,2011
3952,E7DA8F12518246A7D5E11AADCD7EFA3A,CZ,CZ,P1020010A,A.01.000953,T134A,K018A,RF-0239-002-PPP,0.001,,LOQ,2011
3953,391042BF4AEFC3BB133E1B30F22A12E1,CZ,CZ,P1020010A,A.01.001348,T134A,K018A,RF-0032-001-PPP,0.01,82.0,LOQ,2011
3954,391042BF4AEFC3BB133E1B30F22A12E1,CZ,CZ,P1020010A,A.01.001348,T134A,K018A,RF-0263-001-PPP,0.001,82.0,LOQ,2011
3955,391042BF4AEFC3BB133E1B30F22A12E1,CZ,CZ,P1020010A,A.01.001348,T134A,K018A,RF-0059-001-PPP,0.002,82.0,LOQ,2011
3956,391042BF4AEFC3BB133E1B30F22A12E1,CZ,CZ,P1020010A,A.01.001348,T134A,K018A,RF-0432-001-PPP,0.01,82.0,LOQ,2011
3957,391042BF4AEFC3BB133E1B30F22A12E1,CZ,CZ,P1020010A,A.01.001348,T134A,K018A,RF-0119-001-PPP,0.019,82.0,VAL,2011
3958,3EB99079B6725C1000987DF2738E6309,CZ,CZ,P1020010A,A.01.001348,T134A,K018A,RF-0088-001-PPP,0.004,82.0,LOQ,2011
3959,3EB99079B6725C1000987DF2738E6309,CZ,CZ,P1020010A,A.01.001348,T134A,K018A,RF-0120-001-PPP,0.007,82.0,LOQ,2011
3960,3EB99079B6725C1000987DF2738E6309,CZ,CZ,P1020010A,A.01.001348,T134A,K018A,RF-0383-002-PPP,0.01,82.0,LOQ,2011
3961,3EB99079B6725C1000987DF2738E6309,CZ,CZ,P1020010A,A.01.001348,T134A,K018A,RF-0373-001-PPP,0.02,82.0,LOQ,2011
3962,3EB99079B6725C1000987DF2738E6309,CZ,CZ,P1020010A,A.01.001348,T134A,K018A,RF-0112-001-PPP,0.01,82.0,LOQ,2011
3963,3EB99079B6725C1000987DF2738E6309,CZ,CZ,P1020010A,A.01.001348,T134A,K018A,RF-0236-004-PPP,0.001,82.0,LOQ,2011
3964,3EB99079B6725C1000987DF2738E6309,CZ,CZ,P1020010A,A.01.001348,T134A,K018A,RF-0290-001-PPP,0.02,82.0,LOQ,2011
3965,3EB99079B6725C1000987DF2738E6309,CZ,CZ,P1020010A,A.01.001348,T134A,K018A,RF-0087-001-PPP,0.002,82.0,LOQ,2011
3966,3EB99079B6725C1000987DF2738E6309,CZ,CZ,P1020010A,A.01.001348,T134A,K018A,RF-0046-001-PPP,0.005,82.0,LOQ,2011
3967,3EB99079B6725C1000987DF2738E6309,CZ,CZ,P1020010A,A.01.001348,T134A,K018A,RF-0328-003-PPP,0.02,82.0,LOQ,2011
3968,3EB99079B6725C1000987DF2738E6309,CZ,CZ,P1020010A,A.01.001348,T134A,K018A,RF-0082-001-PPP,0.03,82.0,LOQ,2011
